probes,Symbols,Probe_ID,logFC,AveExpr,t,P.Value,adj.P.Val,B
203757_s_at,CEACAM6,203757_s_at,-5.651420135,8.317369744,-8.420875031,9.79e-07,0.00022129,6.037828362
207092_at,LEP,207092_at,5.37510557,8.486238216,8.170920859,1.38e-06,0.000260995,5.704288837
211657_at,CEACAM6,211657_at,-5.249599677,8.958367325,-9.271196336,3.2e-07,0.000148336,7.113075964
204580_at,MMP12,204580_at,-5.086370619,7.084969834,-5.787065734,5.46e-05,0.001795263,2.082711078
205916_at,S100A7,205916_at,-4.964427404,7.729280691,-3.968133291,0.001500164,0.015691879,-1.212263171
219295_s_at,PCOLCE2,219295_s_at,4.883225648,7.870299443,8.066432678,1.6e-06,0.000276612,5.562409991
228409_at,PLIN4,228409_at,4.695358959,9.102815157,8.410831535,9.93e-07,0.00022191,6.024583881
206243_at,TIMP4,206243_at,4.685122699,7.303441292,9.26131773,3.24e-07,0.000148947,7.101091639
204351_at,S100P,204351_at,-4.681838265,8.995970498,-6.430546313,1.88e-05,0.000973578,3.14194034
214451_at,TFAP2B,214451_at,-4.632992938,8.684403212,-7.87302945,2.1e-06,0.000314602,5.29592092
201890_at,RRM2,201890_at,-4.621364154,7.423585745,-7.63004556,2.98e-06,0.000366178,4.953861764
240304_s_at,TMC5,240304_s_at,-4.615767311,8.594072532,-7.667194879,2.83e-06,0.000360194,5.006687626
217428_s_at,COL10A1,217428_s_at,-4.610971,7.329344564,-18.50929459,5.62e-11,3.07e-06,14.65677535
203548_s_at,LPL,203548_s_at,4.591358231,10.09481254,7.211547477,5.55e-06,0.000498052,4.345333043
219140_s_at,RBP4,219140_s_at,4.573139546,9.070661566,8.806064626,5.84e-07,0.000167315,6.536037039
1552519_at,ACVR1C,1552519_at,4.56721223,8.147050028,9.959948778,1.37e-07,9.11e-05,7.920862103
205913_at,PLIN1,205913_at,4.533920618,10.50639521,8.386579345,1.03e-06,0.00022191,5.99254821
235978_at,FABP4,235978_at,4.500757679,8.652866684,5.999286825,3.81e-05,0.00145825,2.438812344
208383_s_at,PCK1,208383_s_at,4.469509196,6.609525859,8.250554603,1.24e-06,0.00024598,5.811444065
225424_at,GPAM,225424_at,4.451175579,8.972632215,10.38353446,8.28e-08,7.8e-05,8.391583106
226535_at,NA,226535_at,-4.449297537,9.151591318,-5.122714065,0.000174391,0.003740498,0.926168668
237086_at,FOXA1,237086_at,-4.424849504,7.275115374,-9.025699391,4.39e-07,0.000154651,6.81179148
225420_at,GPAM,225420_at,4.40693331,7.781299158,10.0036974,1.3e-07,9.08e-05,7.970372719
1563182_at,ACVR1C,1563182_at,4.383295913,5.535635426,11.37033574,2.74e-08,5.16e-05,9.417160659
213706_at,NA,213706_at,4.346006544,8.761901966,8.405128607,1e-06,0.00022191,6.017057531
219398_at,CIDEC,219398_at,4.332386324,9.495692854,9.168547325,3.65e-07,0.000153216,6.987980127
1553394_a_at,TFAP2B,1553394_a_at,-4.292033567,7.439431633,-8.994681305,4.57e-07,0.000157021,6.773207018
229476_s_at,THRSP,229476_s_at,4.284902044,8.857568449,6.295429059,2.34e-05,0.001096213,2.924613798
221295_at,CIDEA,221295_at,4.267276328,6.977488756,7.442276901,3.93e-06,0.000425456,4.683900161
205941_s_at,COL10A1,205941_s_at,-4.237228267,7.814608814,-14.44237322,1.37e-09,1.68e-05,12.07261112
209875_s_at,SPP1,209875_s_at,-4.235725169,9.590755589,-8.774624656,6.09e-07,0.000170902,6.496075279
220065_at,TNMD,220065_at,4.210945524,5.689845102,8.072456421,1.59e-06,0.000276612,5.570628975
211138_s_at,KMO,211138_s_at,-4.207743002,7.160646759,-6.056550253,3.47e-05,0.00139045,2.533762458
203549_s_at,LPL,203549_s_at,4.1874923,10.44459479,7.632361477,2.97e-06,0.000366178,4.957160588
213524_s_at,G0S2,213524_s_at,4.15332901,9.816682923,8.753956834,6.26e-07,0.000172909,6.469738167
209612_s_at,ADH1B,209612_s_at,4.152648465,10.38257783,8.979127728,4.66e-07,0.000158237,6.753815198
201839_s_at,EPCAM,201839_s_at,-4.118636093,10.23149724,-4.626850247,0.000431248,0.006742488,0.024785619
205306_x_at,KMO,205306_x_at,-4.110101505,7.245321934,-5.898498447,4.52e-05,0.001596731,2.270517081
228854_at,NA,228854_at,4.101438576,9.43712938,6.597164155,1.44e-05,0.000838821,3.406202878
206165_s_at,CLCA2,206165_s_at,-4.086390897,7.98267566,-7.414808392,4.09e-06,0.000432138,4.643991045
218087_s_at,SORBS1,218087_s_at,4.085841004,8.862522293,11.56129089,2.23e-08,5.11e-05,9.60483602
219580_s_at,TMC5,219580_s_at,-4.066848174,7.824970391,-7.796321096,2.35e-06,0.000323945,5.188814555
243311_at,DEFB132,243311_at,4.065007003,6.046455579,6.845991121,9.72e-06,0.000663268,3.793210785
205883_at,ZBTB16,205883_at,4.040972283,8.586834302,8.49465291,8.86e-07,0.000207931,6.134720059
220736_at,SLC19A3,220736_at,4.004712635,6.0416804,8.228370805,1.28e-06,0.000250805,5.781677849
204388_s_at,MAOA,204388_s_at,3.995460795,7.359199939,8.910315165,5.1e-07,0.000164668,6.667665717
217528_at,CLCA2,217528_at,-3.991574219,6.98559238,-7.209804434,5.56e-06,0.000498545,4.342746353
226064_s_at,DGAT2,226064_s_at,3.973428906,8.819781788,8.052548293,1.63e-06,0.000277725,5.543447144
209699_x_at,AKR1C2,209699_x_at,3.967934517,9.79659459,6.878804884,9.23e-06,0.000643907,3.843567137
209773_s_at,RRM2,209773_s_at,-3.967302997,7.677682577,-7.006645463,7.58e-06,0.00057826,4.038250566
49452_at,ACACB,49452_at,3.967000557,8.386343557,7.843121595,2.19e-06,0.000314659,5.254257083
211653_x_at,AKR1C2,211653_x_at,3.915910434,9.494665345,7.896267709,2.03e-06,0.000309506,5.328209139
204151_x_at,AKR1C1,204151_x_at,3.907938103,10.46218944,7.564978502,3.28e-06,0.000382665,4.860873074
220037_s_at,LYVE1,220037_s_at,3.907715819,6.780133097,6.588386314,1.46e-05,0.000844314,3.392383527
235708_at,KLB,235708_at,3.898759507,5.295964366,7.061102779,6.97e-06,0.000560432,4.120458031
209686_at,S100B,209686_at,3.888932189,7.235057948,9.074809888,4.12e-07,0.000153216,6.872642474
235456_at,NA,235456_at,-3.887055287,6.946689448,-7.284330204,4.97e-06,0.000469522,4.452953804
210299_s_at,FHL1,210299_s_at,3.873510405,9.295724789,6.900029128,8.93e-06,0.000630283,3.876054065
218934_s_at,HSPB7,218934_s_at,3.8694167,6.56117425,7.422445669,4.05e-06,0.000430464,4.655098008
239523_at,TRARG1,239523_at,3.858107016,7.560288995,8.713853632,6.6e-07,0.000178526,6.418481683
1552509_a_at,CD300LG,1552509_a_at,3.853047555,8.1481112,8.907912952,5.11e-07,0.000164668,6.664647767
208186_s_at,LIPE,208186_s_at,3.85184647,8.404167012,7.27999957,5e-06,0.000471767,4.446571528
227762_at,NA,227762_at,3.835268807,8.773598397,7.721998688,2.61e-06,0.000341469,5.084267758
244276_at,KLB,244276_at,3.827699519,7.357263759,6.340012972,2.17e-05,0.001057502,2.996623613
216623_x_at,TOX3,216623_x_at,-3.82526215,7.324033578,-5.5075758,8.83e-05,0.002402503,1.603734582
203400_s_at,TF,203400_s_at,3.812000443,8.028085285,6.890316795,9.07e-06,0.000637381,3.861196049
43427_at,ACACB,43427_at,3.807928671,8.332261421,8.056751382,1.62e-06,0.000277725,5.549190321
214774_x_at,TOX3,214774_x_at,-3.78818288,7.036073761,-5.311522653,0.000124585,0.003018808,1.261119044
206134_at,ADAMDEC1,206134_at,-3.779664679,6.318534072,-6.773739856,1.09e-05,0.00070495,3.68177606
208607_s_at,NA,208607_s_at,3.777821768,8.536734612,6.007923458,3.76e-05,0.001451997,2.453164021
209613_s_at,ADH1B,209613_s_at,3.765255741,10.22230756,9.074102006,4.12e-07,0.000153216,6.87176744
210964_s_at,GYG2,210964_s_at,3.762936387,7.776010705,7.40852593,4.13e-06,0.000433539,4.634848201
1557832_at,LINC02996,1557832_at,3.760908451,5.017391837,8.601662293,7.67e-07,0.000194178,6.274010768
214505_s_at,FHL1,214505_s_at,3.751192975,9.119717597,7.088988832,6.68e-06,0.000552117,4.162387442
210298_x_at,FHL1,210298_x_at,3.74345111,8.800301207,6.549061195,1.55e-05,0.000879127,3.330332177
204865_at,CA3,204865_at,3.737990284,5.014035865,7.564535101,3.28e-06,0.000382665,4.860237368
201539_s_at,FHL1,201539_s_at,3.732844567,8.15420116,7.25085403,5.23e-06,0.000485351,4.40354838
205200_at,NA,205200_at,3.731012461,9.497196213,7.182858415,5.79e-06,0.000510891,4.302702603
215695_s_at,GYG2,215695_s_at,3.724552862,8.140816428,8.636715614,7.32e-07,0.000188766,6.319320819
223278_at,GJB2,223278_at,-3.72090336,6.972554171,-6.25873336,2.48e-05,0.001134793,2.865123145
202503_s_at,PCLAF,202503_s_at,-3.713575999,8.343815139,-5.969217056,4.01e-05,0.001492374,2.38875888
205382_s_at,CFD,205382_s_at,3.688246226,11.33633366,8.951664462,4.83e-07,0.000158438,6.719502402
218677_at,S100A14,218677_at,-3.67778952,8.634345849,-4.297031454,0.000800545,0.010283639,-0.589977937
204997_at,GPD1,204997_at,3.672043662,7.655247796,10.22825003,9.93e-08,8.38e-05,8.221240632
204894_s_at,AOC3,204894_s_at,3.664941781,9.46208492,9.100695434,3.98e-07,0.000153216,6.904598725
205478_at,PPP1R1A,205478_at,3.660885206,8.891416579,7.431026993,4e-06,0.000428909,4.667568044
201650_at,KRT19,201650_at,-3.652516124,10.73604718,-3.950106454,0.001553134,0.016067663,-1.246572835
229477_at,THRSP,229477_at,3.647942219,8.417939689,6.987197364,7.81e-06,0.000586462,4.008787634
205498_at,GHR,205498_at,3.641502609,8.87366295,9.096428383,4e-07,0.000153216,6.899336532
228592_at,MS4A1,228592_at,-3.628773421,6.488009929,-4.171611519,0.001015955,0.011968607,-0.82635535
204667_at,FOXA1,204667_at,-3.601332188,6.827374785,-10.73611854,5.52e-08,6.43e-05,8.769092021
214063_s_at,TF,214063_s_at,3.600413566,7.923616461,7.261668774,5.14e-06,0.000480788,4.419526756
230147_at,F2RL2,230147_at,-3.571390696,7.949825415,-6.540423162,1.57e-05,0.000881331,3.316671485
239345_at,SLC19A3,239345_at,3.566245668,6.57795224,8.900731693,5.16e-07,0.000164846,6.655621562
201287_s_at,SDC1,201287_s_at,-3.54780575,9.561485419,-7.49839662,3.62e-06,0.000408624,4.765105035
237351_at,LINC01697,237351_at,3.54544074,5.694269074,17.06822328,1.61e-10,4.39e-06,13.8392035
213693_s_at,MUC1,213693_s_at,-3.538976186,10.26066766,-7.398647912,4.19e-06,0.000438261,4.620461433
216594_x_at,AKR1C1,216594_x_at,3.520613993,9.758031546,8.312261298,1.14e-06,0.000238432,5.893901178
205597_at,SLC44A4,205597_at,-3.519582918,6.887116775,-11.0120295,4.05e-08,5.74e-05,9.055803895
229964_at,C9orf152,229964_at,-3.518029972,7.65917172,-6.284729587,2.38e-05,0.001106049,2.907288591
1553434_at,CYP4Z2P,1553434_at,-3.514998155,6.006129159,-5.042034458,0.000201635,0.004111639,0.781594161
209283_at,CRYAB,209283_at,3.512455085,9.782604721,11.23567092,3.17e-08,5.42e-05,9.282775824
205943_at,TDO2,205943_at,-3.511845987,6.232216846,-6.281794881,2.39e-05,0.001108538,2.902533572
209173_at,AGR2,209173_at,-3.496652311,9.064032659,-3.493574093,0.003767063,0.029373096,-2.119056206
204913_s_at,SOX11,204913_s_at,-3.486796593,6.621116184,-3.160030479,0.007232641,0.045873958,-2.755527358
204942_s_at,ALDH3B2,204942_s_at,-3.480784296,7.883323189,-6.042432947,3.55e-05,0.001408053,2.510399174
205428_s_at,CALB2,205428_s_at,3.474332376,8.076576893,7.549996274,3.35e-06,0.000390072,4.839377697
207847_s_at,MUC1,207847_s_at,-3.461835377,9.200917715,-7.126939405,6.31e-06,0.000538164,4.219268865
206930_at,GLYAT,206930_at,3.453495583,5.153314557,7.100732082,6.56e-06,0.000550334,4.180010843
217562_at,BRINP3,217562_at,-3.439444331,5.447786394,-3.620379809,0.002941841,0.024806617,-1.876354436
206209_s_at,CA4,206209_s_at,3.436362535,6.565669226,12.35287963,9.81e-09,3.74e-05,10.34829022
229309_at,ADRB1,229309_at,3.427236959,5.763739112,4.569642244,0.000479669,0.007208864,-0.081059212
207802_at,CRISP3,207802_at,-3.422402426,5.718519893,-2.845853269,0.013354069,0.070226929,-3.347291595
1568574_x_at,SPP1,1568574_x_at,-3.412366383,5.397612976,-6.73566529,1.15e-05,0.000734084,3.622743899
201131_s_at,CDH1,201131_s_at,-3.402425603,9.914652997,-3.466733223,0.003969783,0.030420166,-2.170414292
214091_s_at,GPX3,214091_s_at,3.396302786,9.692457909,9.191166129,3.55e-07,0.000153216,7.015653022
222717_at,CAVIN2,222717_at,3.393541009,7.014801823,8.834549226,5.63e-07,0.000165732,6.572136034
206488_s_at,CD36,206488_s_at,3.391494288,10.2259877,5.283313368,0.000130965,0.003119252,1.211382257
37892_at,COL11A1,37892_at,-3.391465131,7.040637228,-4.616264006,0.000439811,0.006827564,0.005225887
208650_s_at,CD24,208650_s_at,-3.389376998,9.718357084,-4.204537971,0.000954201,0.011493929,-0.764177949
201348_at,GPX3,201348_at,3.38614625,10.87306453,9.231219973,3.37e-07,0.000150957,7.064506885
241929_at,NA,241929_at,3.383600598,8.740140952,5.061689551,0.000194613,0.004007717,0.816893477
221796_at,NTRK2,221796_at,3.37659724,6.729580755,13.29866956,3.89e-09,2.96e-05,11.16879167
212741_at,MAOA,212741_at,3.369003662,8.687568675,8.980977073,4.65e-07,0.000158237,6.756122465
204422_s_at,FGF2,204422_s_at,3.3685247,5.735748358,12.61289174,7.57e-09,3.55e-05,10.58091862
230003_at,SLC16A7,230003_at,3.363362509,6.924922579,7.241922777,5.3e-06,0.00048614,4.390340142
228766_at,CD36,228766_at,3.363130891,9.820309476,4.868517155,0.000276312,0.005050652,0.467835977
219059_s_at,LYVE1,219059_s_at,3.357183222,8.336728118,6.165890043,2.89e-05,0.001257103,2.713713738
218186_at,RAB25,218186_at,-3.349265394,8.881836354,-4.915818572,0.000253473,0.004795369,0.553741449
218039_at,NUSAP1,218039_at,-3.347268043,7.387242615,-6.603664902,1.42e-05,0.000833752,3.416429948
205828_at,MMP3,205828_at,-3.346740701,7.176385241,-8.099611835,1.53e-06,0.00027447,5.60762028
209616_s_at,NA,209616_s_at,3.346436022,8.601564308,5.790982817,5.42e-05,0.001785478,2.089343639
224327_s_at,DGAT2,224327_s_at,3.345675229,9.201129837,6.821570506,1.01e-05,0.000677973,3.755632131
226213_at,ERBB3,226213_at,-3.339444553,9.387702212,-4.234261764,0.000901766,0.011066756,-0.708120805
209555_s_at,CD36,209555_s_at,3.336032266,10.16272371,4.094769727,0.001176539,0.013227901,-0.971771003
209614_at,ADH1B,209614_at,3.33291898,7.234749502,9.017057881,4.44e-07,0.000154651,6.80105379
202454_s_at,ERBB3,202454_s_at,-3.328557094,8.329596868,-4.617524544,0.000438782,0.0068174,0.007555569
230323_s_at,TMEM45B,230323_s_at,-3.326533578,5.952763071,-7.147898098,6.11e-06,0.00052924,4.250593083
228568_at,MYZAP,228568_at,3.322802353,7.668640586,8.767560131,6.15e-07,0.000170902,6.487078931
223828_s_at,LGALS12,223828_s_at,3.318864434,7.01972391,6.771553923,1.09e-05,0.000706242,3.678392687
237395_at,CYP4Z1,237395_at,-3.315706063,7.38298859,-2.682741391,0.018318882,0.087306909,-3.649097338
225846_at,ESRP1,225846_at,-3.312214956,8.332908778,-4.326064438,0.000757754,0.009904426,-0.5354464
232164_s_at,EPPK1,232164_s_at,-3.310682293,8.532494561,-4.210241969,0.000943901,0.01140504,-0.75341517
1555854_at,NA,1555854_at,3.305352218,5.296545325,7.3209817,4.71e-06,0.000461173,4.506861568
228434_at,BTNL9,228434_at,3.303791937,8.083598263,10.32171918,8.9e-08,7.98e-05,8.32407734
235144_at,RASEF,235144_at,-3.288175604,7.361575896,-6.561698638,1.52e-05,0.000870858,3.350297853
222317_at,PDE3B,222317_at,3.284862707,5.281318609,5.697858897,6.36e-05,0.00197196,1.931057764
229839_at,SCARA5,229839_at,3.26867029,8.328907729,6.19197886,2.77e-05,0.001225272,2.756388776
239153_at,HOTAIR,239153_at,-3.262820514,5.581666238,-8.50482688,8.74e-07,0.000206864,6.14802634
222513_s_at,SORBS1,222513_s_at,3.260318241,9.231097136,9.403960904,2.71e-07,0.000133344,7.273024306
219956_at,GALNT6,219956_at,-3.260191348,8.801614065,-6.66521449,1.29e-05,0.000787442,3.512950929
211699_x_at,NA,211699_x_at,3.256844086,11.98937696,7.732590761,2.57e-06,0.000338717,5.099213872
218585_s_at,DTL,218585_s_at,-3.255537807,6.770899016,-5.094325862,0.000183511,0.003853104,0.875395258
204389_at,MAOA,204389_at,3.2544138,7.111995,7.946432521,1.89e-06,0.000300948,5.397659439
242828_at,FIGN,242828_at,3.252823023,6.718550892,11.76659869,1.79e-08,4.91e-05,9.802922633
211726_s_at,FMO2,211726_s_at,3.251176924,8.661809102,15.90777098,3.98e-10,7.26e-06,13.10664242
213855_s_at,LIPE,213855_s_at,3.24566125,5.703177422,5.825345593,5.11e-05,0.001723622,2.147432012
239262_at,NA,239262_at,3.240599812,8.008933783,7.111309329,6.46e-06,0.00054591,4.195867298
217414_x_at,HBA2,217414_x_at,3.224591081,11.99473365,7.981044642,1.8e-06,0.000291648,5.445378713
204914_s_at,SOX11,204914_s_at,-3.214130118,6.622807325,-3.348725054,0.004999778,0.035691714,-2.396023319
205242_at,CXCL13,205242_at,-3.204042111,7.160166816,-3.130759594,0.007658873,0.047726108,-2.81108676
229802_at,CCN4,229802_at,-3.194367321,6.446822338,-6.837469236,9.85e-06,0.00066907,3.780107177
222587_s_at,GALNT7,222587_s_at,-3.18304464,7.61124957,-8.21826452,1.29e-06,0.000252499,5.76809568
224146_s_at,ABCC11,224146_s_at,-3.178469705,7.207230733,-4.728145827,0.000357531,0.005956118,0.211314933
1569003_at,NA,1569003_at,-3.1768969,8.776965023,-6.212447936,2.68e-05,0.001200234,2.789800554
229778_at,SPX,229778_at,3.17609887,5.604180987,4.152162429,0.001054345,0.01224953,-0.86312081
210387_at,NA,210387_at,-3.174830666,6.326797133,-3.605800055,0.003026568,0.025290786,-1.904259179
226248_s_at,ELAPOR1,226248_s_at,-3.168840018,9.728772222,-4.127288248,0.001105622,0.012649063,-0.910181704
205357_s_at,AGTR1,205357_s_at,3.1671385,7.678376877,5.061060067,0.000194834,0.004009245,0.815763739
229150_at,NA,229150_at,-3.166917413,8.702541597,-6.941446741,8.38e-06,0.000611455,3.93926022
223484_at,C15orf48,223484_at,-3.166494369,6.83514815,-6.746032867,1.14e-05,0.000724804,3.638839311
209458_x_at,NA,209458_x_at,3.164956584,12.00068466,7.925818546,1.95e-06,0.000302319,5.369162001
231262_at,NA,231262_at,3.162471969,5.646423981,8.397999966,1.01e-06,0.00022191,6.007643679
234709_at,CAPN13,234709_at,-3.161151563,5.523626738,-4.659244313,0.0004061,0.00649225,0.084562228
203296_s_at,ATP1A2,203296_s_at,3.159378538,6.838771934,11.08429668,3.74e-08,5.71e-05,9.129671234
1554044_a_at,MRAP,1554044_a_at,3.155964912,7.482769496,6.543211884,1.57e-05,0.000881331,3.321082943
205713_s_at,COMP,205713_s_at,-3.155180098,7.484874508,-7.185416886,5.77e-06,0.000510531,4.306509169
206224_at,CST1,206224_at,-3.155021498,6.189060839,-3.248852259,0.006078767,0.040745159,-2.586555795
238017_at,SDR16C5,238017_at,-3.144458031,6.573928656,-3.128720217,0.007689485,0.047840532,-2.81495515
227140_at,INHBA,227140_at,-3.144444743,8.550737473,-11.40163093,2.65e-08,5.16e-05,9.44814849
221795_at,NTRK2,221795_at,3.138855042,8.622951725,11.49228393,2.4e-08,5.11e-05,9.537400578
229479_at,LINC01614,229479_at,-3.131854492,6.404211867,-4.745215841,0.000346455,0.00582844,0.24263349
215108_x_at,TOX3,215108_x_at,-3.131676367,7.020614575,-4.541061566,0.000505933,0.007492388,-0.134069053
228501_at,GALNT15,228501_at,3.123719982,6.810853077,6.314316774,2.27e-05,0.001078622,2.955156383
227692_at,GNAI1,227692_at,3.121019308,7.950874386,9.05859804,4.2e-07,0.000153216,6.852587325
201292_at,TOP2A,201292_at,-3.119694895,7.239638166,-3.65619942,0.002743742,0.023695168,-1.807805979
211745_x_at,NA,211745_x_at,3.114576584,12.25625859,7.923813274,1.96e-06,0.000302319,5.366386765
207175_at,ADIPOQ,207175_at,3.113972829,9.680616456,3.438162638,0.00419767,0.031669325,-2.225068507
227450_at,ERP27,227450_at,-3.112365193,7.182720193,-8.003236269,1.75e-06,0.000286824,5.475888708
206742_at,NA,206742_at,3.095714843,8.156306091,7.631350063,2.98e-06,0.000366178,4.955720008
203980_at,FABP4,203980_at,3.092264067,12.3285144,4.391480304,0.000669755,0.009118314,-0.41285429
201540_at,FHL1,201540_at,3.090682705,11.43720313,6.520210831,1.63e-05,0.00089498,3.284663311
205440_s_at,NPY1R,205440_s_at,3.084142963,6.803110769,3.753050483,0.002273181,0.02086253,-1.622564663
209160_at,AKR1C3,209160_at,3.083076962,9.534399685,7.101697952,6.55e-06,0.000550334,4.181459459
219737_s_at,PCDH9,219737_s_at,3.080082237,6.457457221,7.087636775,6.7e-06,0.000552117,4.160357094
204018_x_at,NA,204018_x_at,3.076925125,11.97502767,7.854507903,2.16e-06,0.000314659,5.270133472
236038_at,RNF150,236038_at,3.073278844,6.334526776,11.28074483,3.02e-08,5.32e-05,9.327945291
210963_s_at,GYG2,210963_s_at,3.073073248,6.829718887,7.653926379,2.88e-06,0.000362972,4.987842046
209116_x_at,HBB,209116_x_at,3.068442384,12.04424004,7.240220685,5.31e-06,0.000486571,4.387821656
221928_at,ACACB,221928_at,3.066233035,8.543266824,7.474257976,3.75e-06,0.000416541,4.730231079
214456_x_at,NA,214456_x_at,3.062409724,9.696370429,6.466417376,1.77e-05,0.000939712,3.19918104
222608_s_at,ANLN,222608_s_at,-3.056941215,5.596511214,-7.242282497,5.3e-06,0.00048614,4.390872346
231240_at,DIO2,231240_at,-3.051121882,7.900222676,-5.12689005,0.000173089,0.003728572,0.933628621
209602_s_at,GATA3,209602_s_at,-3.05107957,8.723650932,-4.275340527,0.000834131,0.010542334,-0.630766582
235382_at,LVRN,235382_at,3.04880262,4.931038967,4.872829134,0.000274144,0.005022158,0.475678475
211006_s_at,KCNB1,211006_s_at,3.046835866,5.862510855,8.523989958,8.52e-07,0.000204147,6.17305312
222351_at,PPP2R1B,222351_at,3.042729657,7.492197636,6.496147564,1.69e-05,0.000915578,3.246477833
1554485_s_at,TMEM37,1554485_s_at,3.04068777,7.934544926,6.087653644,3.29e-05,0.001360267,2.585132617
210106_at,NA,210106_at,3.030559565,7.767838537,6.550464676,1.55e-05,0.000879127,3.33255068
205830_at,CLGN,205830_at,-3.020840252,5.347812597,-5.723573256,6.08e-05,0.001915527,1.974891295
1556474_a_at,LOC285097,1556474_a_at,-3.019479149,5.546637853,-7.375204616,4.34e-06,0.000445291,4.586262139
216836_s_at,ERBB2,216836_s_at,-3.015002522,10.16559934,-3.213867135,0.006509506,0.04264405,-2.653172668
220868_s_at,SLC7A10,220868_s_at,3.014250717,6.032570656,8.721202234,6.54e-07,0.000178526,6.427889154
201884_at,CEACAM5,201884_at,-3.013853178,6.659160271,-3.007352859,0.009748092,0.056427352,-3.044481585
201286_at,SDC1,201286_at,-3.010635386,9.007249816,-6.882035763,9.19e-06,0.000643907,3.848516743
232165_at,EPPK1,232165_at,-3.007961655,8.084117165,-3.815666138,0.002013449,0.019151935,-1.502929996
236361_at,GALNT15,236361_at,3.000067291,7.602390444,5.811306039,5.24e-05,0.001753854,2.123719772
213451_x_at,NA,213451_x_at,2.999383307,9.872634363,5.639557291,7.03e-05,0.002097698,1.831320564
222904_s_at,TMC5,222904_s_at,-2.997846446,7.429897385,-6.136257714,3.04e-05,0.001291073,2.665119905
204154_at,CDO1,204154_at,2.990711181,8.193373802,7.636727056,2.95e-06,0.000366178,4.963376947
216333_x_at,NA,216333_x_at,2.988494068,9.79424359,5.657369974,6.81e-05,0.002058659,1.861844989
206068_s_at,ACADL,206068_s_at,2.985934774,5.262500896,5.849268865,4.91e-05,0.001681535,2.187771008
1552797_s_at,PROM2,1552797_s_at,-2.98434103,7.913622369,-4.794921766,0.000316185,0.005498546,0.333635992
205609_at,ANGPT1,205609_at,2.982477733,6.209353882,7.83971679,2.2e-06,0.000314659,5.249506177
219230_at,TMEM100,219230_at,2.981139862,7.264844032,5.425341095,0.00010196,0.002643279,1.460679061
209663_s_at,ITGA7,209663_s_at,2.980591329,7.297587014,6.43594046,1.86e-05,0.000967296,3.150560168
206262_at,ADH1C,206262_at,2.980512196,6.073750643,11.47244616,2.45e-08,5.11e-05,9.517933997
219300_s_at,CNTNAP2,219300_s_at,-2.977240055,6.849406921,-6.282078425,2.39e-05,0.001108538,2.902993046
214858_at,GPC1-AS1,214858_at,-2.974454413,6.346107329,-4.419207705,0.0006357,0.008785874,-0.361011462
206093_x_at,NA,206093_x_at,2.970684389,9.900176609,5.542300527,8.31e-05,0.002318618,1.66385431
203434_s_at,MME,203434_s_at,2.969495103,7.078864117,7.92303197,1.96e-06,0.000302319,5.365305317
230309_at,BHMT2,230309_at,2.966624542,6.241207272,6.675227567,1.27e-05,0.000782575,3.52860031
232377_at,NXPH1,232377_at,-2.965670577,5.247396457,-3.22928538,0.006316038,0.041827684,-2.623823304
217232_x_at,HBB,217232_x_at,2.965511582,12.10308024,7.068686106,6.89e-06,0.000559645,4.131871471
202286_s_at,TACSTD2,202286_s_at,-2.959643235,11.35984598,-3.249086224,0.006075984,0.040736289,-2.586110044
207275_s_at,ACSL1,207275_s_at,2.957051067,9.622050013,6.334236611,2.19e-05,0.001062948,2.987310558
204475_at,MMP1,204475_at,-2.956748103,5.44355444,-5.401386687,0.000106337,0.002727005,1.418829139
208510_s_at,PPARG,208510_s_at,2.95652935,7.955487024,7.234480529,5.36e-06,0.000488342,4.379325218
218313_s_at,GALNT7,218313_s_at,-2.954073334,9.908488303,-8.386229828,1.03e-06,0.00022191,5.99208596
216379_x_at,CD24,216379_x_at,-2.952485417,12.22692598,-4.489025199,0.000557634,0.008006464,-0.230800406
205680_at,MMP10,205680_at,-2.948028526,5.545805149,-3.423923107,0.004316124,0.032260297,-2.252301631
1553243_at,ITIH5,1553243_at,2.94634898,7.057204425,7.053534656,7.05e-06,0.00056268,4.109059154
266_s_at,CD24,266_s_at,-2.931890984,10.25605296,-4.202234518,0.000958393,0.011521579,-0.768525018
204533_at,CXCL10,204533_at,-2.929635171,8.458633947,-3.616868774,0.002962023,0.024915169,-1.883074205
1558421_a_at,C14orf180,1558421_a_at,2.924783402,7.467224533,7.501657334,3.6e-06,0.000407509,4.769809605
219298_at,ECHDC3,219298_at,2.923724153,9.129249498,9.13183077,3.83e-07,0.000153216,6.942928847
1555740_a_at,MRAP,1555740_a_at,2.920834735,6.698895477,6.907014625,8.84e-06,0.000625546,3.886732005
204753_s_at,HLF,204753_s_at,2.920376678,6.61115283,8.644070272,7.25e-07,0.000187805,6.328807677
204641_at,NEK2,204641_at,-2.919103059,6.505490499,-5.275885104,0.000132701,0.003143598,1.198267092
205569_at,LAMP3,205569_at,-2.918080386,6.674505709,-5.460195936,9.59e-05,0.002538578,1.521428983
204731_at,TGFBR3,204731_at,2.91543889,9.232571377,9.713996125,1.84e-07,0.000106041,7.638583563
202708_s_at,H2BC21,202708_s_at,-2.91465956,8.092390489,-5.922206407,4.34e-05,0.001556808,2.310238907
203908_at,SLC4A4,203908_at,2.907824578,5.413452584,6.698047887,1.23e-05,0.000764715,3.564210751
226455_at,CREB3L4,226455_at,-2.906494928,9.087324781,-6.959609215,8.15e-06,0.000601999,3.966898361
204320_at,COL11A1,204320_at,-2.905753157,6.375897712,-4.900407368,0.00026069,0.00487624,0.525783006
201291_s_at,TOP2A,201291_s_at,-2.893784758,6.004947335,-3.061928884,0.008762226,0.052403711,-2.941446207
213933_at,PTGER3,213933_at,2.887082275,7.242118276,6.187279883,2.79e-05,0.001231802,2.748709835
204537_s_at,GABRE,204537_s_at,2.881670403,6.701318847,7.061792614,6.96e-06,0.000560432,4.121496626
235849_at,SCARA5,235849_at,2.879043271,9.028788989,6.290506039,2.36e-05,0.001103167,2.916644269
213909_at,LRRC15,213909_at,-2.878552798,8.536657045,-5.895084443,4.54e-05,0.001602494,2.264790235
219127_at,PRR15L,219127_at,-2.874081775,8.001870695,-5.13207309,0.000171488,0.003709076,0.942884365
201596_x_at,KRT18,201596_x_at,-2.873033905,11.02122793,-4.163933588,0.001030936,0.012090605,-0.840865932
204755_x_at,HLF,204755_x_at,2.871058921,6.552569883,8.676024964,6.95e-07,0.00018433,6.369946879
208651_x_at,CD24,208651_x_at,-2.867692388,10.39026355,-4.160413555,0.001037879,0.012138193,-0.847519933
219010_at,INAVA,219010_at,-2.86752907,7.900461823,-4.438397028,0.000613181,0.008574347,-0.325175497
238066_at,RBP7,238066_at,2.865194211,9.319983758,7.767071605,2.45e-06,0.00033022,5.147761226
202859_x_at,CXCL8,202859_x_at,-2.863720046,6.851137381,-4.476153131,0.000571245,0.00816544,-0.25477092
238617_at,KIF26B,238617_at,-2.859875891,6.422807387,-6.299342427,2.32e-05,0.001092425,2.930946305
209763_at,CHRDL1,209763_at,2.859304201,9.66660922,8.164554961,1.39e-06,0.000260995,5.695686585
229024_at,RNF150,229024_at,2.853394953,6.714485942,7.79612533,2.35e-06,0.000323945,5.188540177
202525_at,PRSS8,202525_at,-2.847244124,7.821501202,-5.128362261,0.000172633,0.00372118,0.936258021
229490_s_at,NA,229490_s_at,-2.84417095,6.016523873,-6.115147085,3.14e-05,0.001323217,2.630421331
210096_at,CYP4B1,210096_at,2.842886607,6.523089875,4.560590525,0.000487831,0.007293459,-0.097838543
224461_s_at,AIFM2,224461_s_at,2.841205418,7.862946799,7.583714755,3.19e-06,0.000376085,4.887710161
228268_at,FMO2,228268_at,2.837781313,8.563095644,13.18691283,4.33e-09,2.96e-05,11.07545019
216331_at,ITGA7,216331_at,2.835944152,8.508711306,7.866798376,2.12e-06,0.000314602,5.287250665
209771_x_at,CD24,209771_x_at,-2.835032526,12.09435679,-4.354277736,0.000718425,0.009536271,-0.482525796
238062_at,GPIHBP1,238062_at,2.83284048,7.288106919,10.116823,1.13e-07,8.62e-05,8.097433405
210375_at,PTGER3,210375_at,2.823135056,6.190444205,6.459711123,1.79e-05,0.000944412,3.188494153
208083_s_at,NA,208083_s_at,-2.821827305,6.067071363,-5.072935476,0.000190711,0.003953582,0.837067897
227177_at,CORO2A,227177_at,-2.818182962,7.295695683,-9.798731091,1.66e-07,0.000100924,7.736593258
203680_at,PRKAR2B,203680_at,2.814436372,9.952435109,7.010841452,7.53e-06,0.000578129,4.044600064
223423_at,GPR160,223423_at,-2.81092422,9.016886634,-8.857095241,5.47e-07,0.00016509,6.600637494
225687_at,FAM83D,225687_at,-2.810171815,5.95292061,-5.532955125,8.45e-05,0.002339222,1.647691263
231050_at,PLAAT5,231050_at,2.806795428,7.009671447,6.757239629,1.12e-05,0.000718748,3.656219731
217028_at,CXCR4,217028_at,-2.804941647,9.937926569,-5.924412993,4.32e-05,0.001556185,2.313931757
206030_at,ASPA,206030_at,2.804631595,6.253778754,5.712117332,6.2e-05,0.001940068,1.955374999
202464_s_at,PFKFB3,202464_s_at,2.804042161,9.54548195,9.276804425,3.18e-07,0.000148336,7.119874326
204719_at,ABCA8,204719_at,2.802733629,9.227151884,9.11662289,3.9e-07,0.000153216,6.924221304
209581_at,PLAAT3,209581_at,2.795309691,9.767315688,7.840549278,2.2e-06,0.000314659,5.25066794
232313_at,TMEM132C,232313_at,2.793670268,7.585497797,8.078486922,1.57e-06,0.000276348,5.578852304
209016_s_at,KRT7,209016_s_at,-2.793287277,9.487441221,-3.5152623,0.00361091,0.028571131,-2.077550663
229985_at,BTNL9,229985_at,2.793230727,7.853093552,10.25480606,9.63e-08,8.36e-05,8.250552027
237154_at,HSD11B1-AS1,237154_at,2.791528877,7.001139852,7.048726476,7.11e-06,0.000563009,4.101812899
204653_at,TFAP2A,204653_at,-2.790042467,9.380148747,-3.693038794,0.002554089,0.022574331,-1.737323737
204170_s_at,CKS2,204170_s_at,-2.788785742,7.841559707,-6.995649381,7.71e-06,0.000581282,4.021598801
214290_s_at,NA,214290_s_at,-2.788495593,10.49873238,-4.810514564,0.000307265,0.005402609,0.362123484
236936_at,NA,236936_at,2.786432864,5.715435348,10.65461375,6.06e-08,6.63e-05,8.682949917
214414_x_at,NA,214414_x_at,2.785273272,12.65565006,7.449073872,3.89e-06,0.000422035,4.693759021
213071_at,DPT,213071_at,2.7840882,9.454344302,5.683020292,6.52e-05,0.00199866,1.905719802
223727_at,KCNIP2,223727_at,2.780300543,7.735519625,6.345105358,2.16e-05,0.001050652,3.004829805
227657_at,RNF150,227657_at,2.777039408,7.410174967,8.869315082,5.38e-07,0.00016509,6.61605883
209218_at,SQLE,209218_at,-2.772985827,8.332021058,-6.285207766,2.38e-05,0.001106049,2.908063249
205792_at,CCN5,205792_at,2.767116777,8.872821065,5.236065386,0.000142425,0.003302421,1.127834112
219918_s_at,ASPM,219918_s_at,-2.765262276,5.778352219,-6.014792391,3.72e-05,0.001444151,2.464570405
225207_at,PDK4,225207_at,2.764065558,9.829627354,5.257709206,0.000137051,0.003211136,1.166144392
1553583_a_at,THRSP,1553583_a_at,2.763629021,6.977332002,7.309902141,4.79e-06,0.000463071,4.490585775
238919_at,PCDH9,238919_at,2.761341834,4.834163212,6.418585331,1.91e-05,0.000980986,3.122811326
211696_x_at,HBB,211696_x_at,2.751590077,12.26604909,7.078374526,6.79e-06,0.000557334,4.146441086
209911_x_at,H2BC5,209911_x_at,-2.748530603,8.54547011,-5.351959125,0.000116,0.002878928,1.332222987
239398_at,KLHL31,239398_at,2.74696566,5.208016276,6.793976916,1.05e-05,0.000695875,3.713065476
205890_s_at,NA,205890_s_at,-2.746699798,7.950155418,-3.901494171,0.001705705,0.01710554,-1.33917626
208609_s_at,TNXB,208609_s_at,2.745360313,8.581963466,6.146604457,2.99e-05,0.001276229,2.682102247
216834_at,RGS1,216834_at,-2.745210024,8.775710833,-4.934801218,0.000244867,0.00467951,0.588138518
222083_at,GLYAT,222083_at,2.744281074,6.6969569,7.068385116,6.89e-06,0.000559645,4.131418619
205220_at,HCAR3,205220_at,2.743990782,6.885100933,6.006188132,3.77e-05,0.001452771,2.450281276
242736_at,NA,242736_at,2.743268032,7.016778724,10.15342783,1.09e-07,8.62e-05,8.138251697
235368_at,ADAMTS5,235368_at,2.741810173,8.839424195,6.070336333,3.39e-05,0.001374155,2.556549127
236044_at,PLPP4,236044_at,-2.737733226,6.67809588,-4.302560586,0.000792208,0.010199109,-0.579587132
243584_at,NA,243584_at,2.730108199,8.364946407,6.906563584,8.84e-06,0.000625546,3.886042765
203065_s_at,CAV1,203065_s_at,2.720036392,10.69016614,9.114464033,3.91e-07,0.000153216,6.921563391
203435_s_at,MME,203435_s_at,2.719662382,8.462967475,10.05022192,1.23e-07,8.88e-05,8.02279603
223764_x_at,NIPSNAP3B,223764_x_at,2.718229765,5.434574691,6.505349393,1.66e-05,0.000910116,3.261090156
219902_at,BHMT2,219902_at,2.716233169,7.920222057,7.957926567,1.86e-06,0.000297819,5.413524136
202988_s_at,RGS1,202988_s_at,-2.713767796,6.707253972,-6.679590449,1.26e-05,0.000779317,3.535414403
224917_at,NA,224917_at,-2.708080202,9.547916199,-6.255651955,2.49e-05,0.001138629,2.860118505
203397_s_at,GALNT3,203397_s_at,-2.707353074,8.069274533,-3.627933283,0.002898895,0.024587683,-1.861898183
229152_at,FDCSP,229152_at,-2.705045885,6.972804627,-4.225110677,0.000917586,0.011191882,-0.725371685
242350_s_at,ST8SIA6-AS1,242350_s_at,-2.704613963,7.100123339,-3.662661533,0.00270947,0.02351433,-1.795440956
201688_s_at,TPD52,201688_s_at,-2.700801151,7.297428689,-5.020235495,0.000209731,0.004223589,0.742386221
1555230_a_at,KCNIP2,1555230_a_at,2.699097775,4.886820772,5.727814023,6.04e-05,0.001911585,1.982111028
206159_at,GDF10,206159_at,2.691439865,5.773097047,5.758944956,5.73e-05,0.001851129,2.03503016
221577_x_at,GDF15,221577_x_at,-2.689974164,6.443200713,-4.104015592,0.001155914,0.013063162,-0.954252159
217388_s_at,KYNU,217388_s_at,-2.682763087,7.802007853,-4.815487718,0.000304476,0.005378742,0.371203167
219935_at,ADAMTS5,219935_at,2.680045988,9.256048524,6.20118983,2.73e-05,0.001212723,2.771431585
210715_s_at,SPINT2,210715_s_at,-2.678319284,9.401469394,-4.791922644,0.000317931,0.005518382,0.32815339
231856_at,ARFGEF3,231856_at,-2.675123178,6.43417269,-6.29912861,2.32e-05,0.001092425,2.93060037
226961_at,PRR15,226961_at,-2.673568205,6.720019224,-6.078403942,3.34e-05,0.001366991,2.56987083
203917_at,CXADR,203917_at,-2.671304139,8.979626742,-3.672879229,0.002656164,0.023199154,-1.775890984
203323_at,CAV2,203323_at,2.670192096,9.656644011,9.199379673,3.51e-07,0.000153216,7.025686716
220192_x_at,SPDEF,220192_x_at,-2.669225068,9.306008808,-7.338457808,4.59e-06,0.000454995,4.532498228
237390_at,ADRA1A,237390_at,2.66467365,4.401485741,6.677944064,1.26e-05,0.000780465,3.532843355
226304_at,HSPB6,226304_at,2.66411545,7.161328431,5.383865428,0.000109662,0.002783559,1.388167582
223623_at,ECRG4,223623_at,2.662314247,9.127598104,6.194722413,2.76e-05,0.001220738,2.7608707
206955_at,AQP7,206955_at,2.658482607,7.731481389,7.820117231,2.27e-06,0.000318068,5.222126966
215918_s_at,SPTBN1,215918_s_at,2.653066304,6.346347467,7.354504189,4.48e-06,0.000452444,4.555999192
220622_at,LRRC31,220622_at,-2.651858274,5.074634535,-3.251130214,0.00605173,0.040628477,-2.582215687
211695_x_at,MUC1,211695_x_at,-2.65026579,6.946519733,-5.847952754,4.92e-05,0.001682058,2.185553984
204404_at,SLC12A2,204404_at,-2.646809038,8.779939513,-3.846834548,0.001895632,0.018376535,-1.443428616
204026_s_at,ZWINT,204026_s_at,-2.640488264,7.724511447,-5.551184767,8.19e-05,0.002296548,1.679208232
201963_at,ACSL1,201963_at,2.637162012,10.36141619,6.786456141,1.07e-05,0.000699047,3.701444306
225655_at,UHRF1,225655_at,-2.63443892,7.330990017,-7.04986132,7.09e-06,0.000562848,4.103523489
204754_at,HLF,204754_at,2.634401852,6.755572845,7.852081554,2.17e-06,0.000314659,5.266751804
228770_at,GPR146,228770_at,2.629153651,7.072779264,9.477797437,2.47e-07,0.00012851,7.361087075
203535_at,S100A9,203535_at,-2.628979912,9.69881437,-2.743856262,0.016277031,0.080428982,-3.536564399
218542_at,CEP55,218542_at,-2.62635857,5.223511334,-5.639027011,7.03e-05,0.002097698,1.830411158
1562321_at,PDK4,1562321_at,2.622187636,6.667267515,3.463348372,0.003996117,0.030544903,-2.176890161
205780_at,BIK,205780_at,-2.614611737,7.684928369,-9.121632304,3.88e-07,0.000153216,6.930386568
213515_x_at,HBG2,213515_x_at,2.612007937,8.540903217,4.928190598,0.000247829,0.00471962,0.576164991
223704_s_at,DMRT2,223704_s_at,2.609907343,5.135940887,5.283293753,0.000130969,0.003119252,1.211347636
225571_at,LIFR,225571_at,2.609207712,6.095989853,8.05238954,1.63e-06,0.000277725,5.543230174
203213_at,CDK1,203213_at,-2.605340608,7.486159848,-6.776424019,1.08e-05,0.000704117,3.685929629
1566472_s_at,RETSAT,1566472_s_at,2.605185147,7.113834022,5.84211517,4.97e-05,0.001695135,2.175717358
203755_at,BUB1B,203755_at,-2.603366107,6.584761302,-6.651054626,1.32e-05,0.000799083,3.490795275
236534_at,BNIPL,236534_at,-2.602928569,6.687951573,-5.010415283,0.000213488,0.004278761,0.724703485
219064_at,ITIH5,219064_at,2.602780427,8.974906162,6.01726153,3.7e-05,0.001443272,2.468668896
242181_at,NA,242181_at,2.601159363,7.548398506,5.946127871,4.17e-05,0.001527661,2.350234634
200644_at,MARCKSL1,200644_at,-2.600818776,10.52134042,-6.853576774,9.6e-06,0.000657915,3.804865838
221872_at,RARRES1,221872_at,-2.599423812,9.448289255,-4.453140267,0.00059644,0.008395418,-0.297666808
218211_s_at,MLPH,218211_s_at,-2.595559384,10.51044006,-9.526533448,2.32e-07,0.000122446,7.418867208
209803_s_at,PHLDA2,209803_s_at,-2.594800291,7.846374316,-6.321397406,2.24e-05,0.001070973,2.966592539
219288_at,CEP15,219288_at,-2.593753694,9.489313715,-6.473208473,1.75e-05,0.000934945,3.209996332
218806_s_at,VAV3,218806_s_at,-2.592485191,7.331311703,-5.097433685,0.000182489,0.003840494,0.880958884
239710_at,FIGN,239710_at,2.592045098,4.536922303,11.0551394,3.87e-08,5.71e-05,9.099928967
219689_at,SEMA3G,219689_at,2.591881451,8.309879518,7.300635711,4.85e-06,0.000465113,4.476959987
227646_at,EBF1,227646_at,2.590753895,10.01853124,8.086208127,1.55e-06,0.000276037,5.589373999
229357_at,ADAMTS5,229357_at,2.587580115,7.73858777,6.006153096,3.77e-05,0.001452771,2.450223069
227419_x_at,PLAC9,227419_x_at,2.582985251,8.910074241,5.464448231,9.52e-05,0.002523444,1.528828782
219429_at,FA2H,219429_at,-2.578917748,6.419034866,-4.305456138,0.000787878,0.010174751,-0.574146622
209220_at,GPC3,209220_at,2.57840752,7.468252872,8.262210991,1.22e-06,0.000244723,5.827058584
203851_at,IGFBP6,203851_at,2.578119275,9.50676056,5.505241968,8.87e-05,0.00240644,1.599687822
204039_at,CEBPA,204039_at,2.578057388,9.22219056,5.77745139,5.55e-05,0.001810286,2.066422195
209772_s_at,CD24,209772_s_at,-2.577136108,9.54698069,-4.233714569,0.000902704,0.011067939,-0.709152143
214243_s_at,NA,214243_s_at,-2.571172126,8.082286602,-4.032555183,0.001325494,0.014382097,-1.089799333
206101_at,ECM2,206101_at,2.570177725,9.008443235,6.436568303,1.86e-05,0.000967296,3.151563178
232204_at,EBF1,232204_at,2.567633079,8.773581942,8.091825713,1.54e-06,0.000274766,5.597024068
202311_s_at,COL1A1,202311_s_at,-2.56401042,8.692069381,-3.504098493,0.003690455,0.029002465,-2.098915889
226863_at,FAM110C,226863_at,-2.563895091,6.826452593,-6.104660137,3.2e-05,0.001339618,2.613159861
207165_at,HMMR,207165_at,-2.560332653,5.95730661,-6.296717232,2.33e-05,0.00109485,2.926698536
201689_s_at,TPD52,201689_s_at,-2.558000752,8.484620547,-4.699544511,0.000376917,0.006162665,0.158764684
222725_s_at,PALMD,222725_s_at,2.557008955,5.986241456,7.390423441,4.24e-06,0.000440358,4.608472392
231697_s_at,NA,231697_s_at,-2.552033657,6.984423723,-6.507807767,1.66e-05,0.000909384,3.264991878
218736_s_at,PALMD,218736_s_at,2.546914882,8.823989432,7.993511866,1.77e-06,0.000289123,5.462527377
206392_s_at,RARRES1,206392_s_at,-2.54425864,8.739625596,-4.162800367,0.001033166,0.012106114,-0.843007987
200606_at,DSP,200606_at,-2.543444116,10.70167997,-3.343781713,0.005048357,0.035911946,-2.405464527
217504_at,ABCA6,217504_at,2.542350485,6.701849224,9.452983334,2.55e-07,0.000130203,7.331562628
1566764_at,MACC1,1566764_at,-2.541886423,5.98245917,-4.339949748,0.000738129,0.009738701,-0.509392368
203324_s_at,CAV2,203324_s_at,2.540317798,10.06706297,7.844726452,2.19e-06,0.000314659,5.256495874
222746_s_at,BSPRY,222746_s_at,-2.534253397,7.440896262,-6.803877767,1.04e-05,0.000690732,3.728351681
206166_s_at,CLCA2,206166_s_at,-2.533231094,6.606165378,-4.454297202,0.000595146,0.008382866,-0.29550904
207057_at,SLC16A7,207057_at,2.533119494,8.389846917,8.032239216,1.68e-06,0.000282189,5.515662981
230867_at,COL6A6,230867_at,2.532726855,6.810562629,3.606213244,0.003024133,0.025278167,-1.903468343
226777_at,ADAM12,226777_at,-2.53212425,8.368260946,-4.463231592,0.000585253,0.008283389,-0.278850173
205009_at,TFF1,205009_at,-2.524441971,8.537639718,-2.412943662,0.030706835,0.124584166,-4.136146423
227629_at,PRLR,227629_at,-2.521090452,7.841431324,-7.379679917,4.31e-06,0.000443799,4.592796781
203571_s_at,ADIRF,203571_s_at,2.520221442,11.4214459,5.052244386,0.000197955,0.004052115,0.799936799
229292_at,EPB41L5,229292_at,-2.519512171,6.646023571,-5.874895859,4.7e-05,0.001634753,2.230889757
219797_at,MGAT4A,219797_at,-2.517976243,6.378459292,-5.997489175,3.83e-05,0.001460565,2.435823768
200671_s_at,SPTBN1,200671_s_at,2.516433561,5.975256849,7.793785976,2.35e-06,0.000324216,5.185261031
242197_x_at,CD36,242197_x_at,2.511315047,5.667242655,6.164022946,2.9e-05,0.001257103,2.710655745
213764_s_at,MFAP5,213764_s_at,2.506274793,9.221485287,3.540521027,0.003437266,0.027669687,-2.029206958
229011_at,EMP1,229011_at,2.505917371,6.978527394,6.937238563,8.43e-06,0.000612352,3.932849692
218280_x_at,NA,218280_x_at,-2.505843333,9.45421344,-4.558421681,0.000489808,0.00731102,-0.10186025
228051_at,ARFGEF3,228051_at,-2.505786659,7.472328242,-5.466271872,9.49e-05,0.002519078,1.532001481
233932_at,NA,233932_at,2.505619849,5.702354167,5.521010829,8.63e-05,0.002369125,1.627015289
221747_at,TNS1,221747_at,2.500589632,9.360063749,7.096924101,6.6e-06,0.000550338,4.174298294
204419_x_at,HBG2,204419_x_at,2.500048377,7.872970456,4.863262437,0.000278978,0.005079458,0.458275788
230748_at,SLC16A6,230748_at,-2.497909519,6.354987854,-3.204637224,0.006628145,0.043203928,-2.670734912
238673_at,SAMD12,238673_at,-2.497408953,7.05878183,-5.43144192,0.000100876,0.002621383,1.471324759
230463_at,NA,230463_at,2.497093975,5.9868648,7.087796776,6.69e-06,0.000552117,4.160597376
209395_at,CHI3L1,209395_at,-2.49702966,8.683496415,-3.345507751,0.005031341,0.035842162,-2.402168103
213790_at,ADAM12,213790_at,-2.494856765,8.715537022,-4.09072016,0.001185691,0.013300713,-0.979445842
1555758_a_at,CDKN3,1555758_a_at,-2.493893507,6.149291944,-7.774609054,2.42e-06,0.000328313,5.158351737
201690_s_at,TPD52,201690_s_at,-2.493022614,9.768199125,-5.102036171,0.000180986,0.003824423,0.889195928
235129_at,PPP1R1A,235129_at,2.492991165,6.51202817,4.653027882,0.000410805,0.006540702,0.073100077
206164_at,CLCA2,206164_at,-2.491758361,6.800874045,-4.858207505,0.000281568,0.005109295,0.449075904
227803_at,ENPP5,227803_at,-2.489696788,6.934876012,-4.139738,0.001079645,0.012453499,-0.886621748
214040_s_at,GSN,214040_s_at,2.488935097,7.448717983,6.37513495,2.05e-05,0.001022386,3.053143053
228708_at,RAB27B,228708_at,-2.485894035,9.357243782,-4.996002589,0.000219129,0.004359861,0.698728965
207302_at,SGCG,207302_at,2.483640475,5.606369632,5.080866048,0.000188008,0.003920418,0.851284895
226625_at,TGFBR3,226625_at,2.480805847,9.961914158,8.590616369,7.79e-07,0.000195239,6.259700384
218009_s_at,PRC1,218009_s_at,-2.476831783,6.770631764,-6.09204283,3.27e-05,0.001356069,2.592370237
204798_at,MYB,204798_at,-2.476673218,8.016059606,-4.842366079,0.000289846,0.005213301,0.420224697
236383_at,NA,236383_at,2.476555699,6.036783371,6.401969455,1.97e-05,0.000997212,3.096202561
214455_at,H2BC4,214455_at,-2.472952966,5.502547861,-3.554391332,0.003345526,0.027138969,-2.002658573
210832_x_at,PTGER3,210832_x_at,2.468774241,7.001499216,6.329606596,2.21e-05,0.001065487,2.979842145
213486_at,COPG2IT1,213486_at,2.466921245,6.321502708,9.745912383,1.77e-07,0.000103062,7.675594411
205034_at,CCNE2,205034_at,-2.466885995,5.443463154,-5.836216529,5.02e-05,0.001707295,2.165772779
211597_s_at,HOPX,211597_s_at,-2.462433345,8.493103714,-9.380040342,2.79e-07,0.000135819,7.244358753
214434_at,HSPA12A,214434_at,2.460733551,7.031279296,5.688623067,6.46e-05,0.001984971,1.915290679
214279_s_at,NDRG2,214279_s_at,2.458465843,6.879917042,5.995818476,3.84e-05,0.001460611,2.433045816
214582_at,PDE3B,214582_at,2.45576694,6.855237042,5.69069179,6.43e-05,0.001980359,1.918823404
1555778_a_at,POSTN,1555778_a_at,-2.45560467,10.27035157,-4.620529218,0.00043634,0.006787168,0.013108003
202095_s_at,BIRC5,202095_s_at,-2.45415147,6.116310029,-7.15813819,6.01e-06,0.000523407,4.26587454
244444_at,PKD1L2,244444_at,2.452612088,4.812557342,5.179612641,0.000157503,0.003516326,1.027612911
210869_s_at,MCAM,210869_s_at,2.451345617,7.743876391,6.83221061,9.93e-06,0.000670106,3.772015976
218865_at,MTARC1,218865_at,2.450211401,8.742884957,6.681575388,1.26e-05,0.000777756,3.538513617
202489_s_at,FXYD3,202489_s_at,-2.448223812,9.550312002,-4.652230377,0.000411413,0.006542109,0.071629288
233011_at,ANXA1,233011_at,2.447455708,4.833835297,3.634564029,0.002861718,0.024367615,-1.849208319
218959_at,HOXC10,218959_at,-2.445532309,7.755396653,-7.74658059,2.52e-06,0.000334367,5.118930667
207828_s_at,CENPF,207828_s_at,-2.444989504,7.227491851,-6.975874756,7.95e-06,0.000592702,3.991609049
219121_s_at,ESRP1,219121_s_at,-2.444026419,7.672790636,-5.30447828,0.000126147,0.00304377,1.248709091
215145_s_at,CNTNAP2,215145_s_at,-2.442819278,6.63193874,-5.293482024,0.000128627,0.003085854,1.229323552
239461_at,GALNT15,239461_at,2.441982002,6.21168045,6.864819446,9.44e-06,0.000650585,3.822124235
238009_at,SOX5,238009_at,2.441772142,5.70972022,8.292588689,1.17e-06,0.000241799,5.867667508
228885_at,MAMDC2,228885_at,2.441638634,7.825960577,6.127517695,3.08e-05,0.001301785,2.650762349
223430_at,SIK2,223430_at,2.43985506,7.934328653,7.651021425,2.89e-06,0.000363669,4.983712799
228729_at,CCNB1,228729_at,-2.439690926,5.83125049,-5.549811862,8.21e-05,0.002299323,1.676836285
208016_s_at,AGTR1,208016_s_at,2.437675689,6.475984289,5.217134663,0.000147306,0.003376929,1.094274052
218807_at,VAV3,218807_at,-2.435130324,9.08651194,-4.984698308,0.000223662,0.00441826,0.678337885
219148_at,PBK,219148_at,-2.433759824,5.690276099,-5.070565769,0.000191526,0.003963553,0.832818174
212097_at,CAV1,212097_at,2.432582726,11.40511425,7.316625638,4.74e-06,0.000461705,4.500464635
228728_at,CPED1,228728_at,2.432111834,9.454702978,8.574285148,7.96e-07,0.000196892,6.238514214
203881_s_at,DMD,203881_s_at,2.427505561,7.937563263,11.06918574,3.81e-08,5.71e-05,9.114267333
217418_x_at,MS4A1,217418_x_at,-2.426729894,5.947950277,-3.594351785,0.003094826,0.025695061,-1.926171318
202884_s_at,PPP2R1B,202884_s_at,2.424587646,7.296274097,5.990426343,3.87e-05,0.001465904,2.424077251
210559_s_at,CDK1,210559_s_at,-2.424259635,6.300125135,-6.158240961,2.93e-05,0.001264139,2.701182535
214767_s_at,HSPB6,214767_s_at,2.423523214,6.8652301,5.744978402,5.86e-05,0.001874749,2.011305999
209603_at,GATA3,209603_at,-2.423473094,7.992944844,-3.692214493,0.002558183,0.022603213,-1.738900567
226018_at,MTURN,226018_at,2.422982635,7.051227308,7.926929537,1.95e-06,0.000302319,5.370699344
226834_at,CLMP,226834_at,2.4225102,8.519147032,5.757555571,5.74e-05,0.001852088,2.032671366
1553986_at,RASEF,1553986_at,-2.421699294,8.105513766,-4.315897285,0.000772465,0.01003895,-0.554534599
204607_at,HMGCS2,204607_at,-2.415841095,8.52626692,-2.711968627,0.017313032,0.084051679,-3.595367973
32625_at,NPR1,32625_at,2.414867813,8.06389786,6.990374234,7.77e-06,0.000584432,4.013604204
241925_x_at,SLC16A7,241925_x_at,2.413800282,5.860889492,5.817998086,5.18e-05,0.00173883,2.135025964
203358_s_at,EZH2,203358_s_at,-2.410785578,5.992943671,-6.815349427,1.02e-05,0.000681242,3.746045085
204159_at,CDKN2C,204159_at,2.407827481,8.916775532,9.130352579,3.83e-07,0.000153216,6.941111714
203362_s_at,MAD2L1,203362_s_at,-2.407389649,7.189790651,-5.15750695,0.000163852,0.00360653,0.988251915
209008_x_at,KRT8,209008_x_at,-2.403930532,9.574788842,-5.190567462,0.000154452,0.003469464,1.047094652
1556427_s_at,LRRN4CL,1556427_s_at,2.403523861,7.849967529,5.476647359,9.32e-05,0.002491395,1.550043418
235763_at,SLC44A5,235763_at,-2.40327992,4.998713959,-3.035367995,0.009229015,0.054415658,-2.991629995
221748_s_at,TNS1,221748_s_at,2.401857873,11.6155087,8.297018238,1.16e-06,0.000241244,5.873578797
215768_at,NA,215768_at,2.398804316,5.130440998,6.540900208,1.57e-05,0.000881331,3.317426202
227006_at,PPP1R14A,227006_at,2.3967555,7.218560548,9.983347497,1.33e-07,9.08e-05,7.947368601
1560049_at,NA,1560049_at,2.394356407,7.140826925,6.410689853,1.94e-05,0.000987831,3.110172571
229487_at,EBF1,229487_at,2.393669764,7.060816709,7.678202307,2.78e-06,0.000357824,5.022303169
218711_s_at,CAVIN2,218711_s_at,2.39243445,6.185576073,10.36336157,8.48e-08,7.8e-05,8.36959711
34210_at,CD52,34210_at,-2.392092053,8.875874517,-4.654146102,0.000409955,0.006530963,0.075162221
219874_at,SLC12A8,219874_at,-2.390212181,6.922616872,-12.40690703,9.29e-09,3.74e-05,10.3970834
227190_at,TMEM37,227190_at,2.386132926,8.177164998,5.743523856,5.88e-05,0.00187779,2.008833616
209576_at,GNAI1,209576_at,2.385387611,7.59459922,7.234764453,5.36e-06,0.000488342,4.379745587
1560850_at,LOC101926959,1560850_at,-2.38516817,6.207767663,-3.308739264,0.005406585,0.037581528,-2.47236276
226960_at,CXCL17,226960_at,-2.383594956,8.062212951,-2.591370128,0.021843512,0.098563507,-3.815948669
209604_s_at,GATA3,209604_s_at,-2.380568724,11.22216891,-3.65908604,0.002728379,0.023622188,-1.802282465
209184_s_at,IRS2,209184_s_at,2.38027787,8.992453916,6.598153379,1.44e-05,0.000838397,3.407759545
204570_at,COX7A1,204570_at,2.375763019,9.417726369,6.981829517,7.87e-06,0.000589706,4.000645902
225301_s_at,MYO5B,225301_s_at,-2.375251341,8.997067049,-5.697291809,6.36e-05,0.00197196,1.930090008
210831_s_at,PTGER3,210831_s_at,2.374219434,6.958317484,7.303189412,4.83e-06,0.0004651,4.480716292
1558420_at,C14orf180,1558420_at,2.371243824,6.781312251,6.700786901,1.22e-05,0.000762457,3.568479735
203936_s_at,MMP9,203936_s_at,-2.37016632,8.599674304,-3.940295997,0.00158276,0.016245055,-1.26525174
208180_s_at,H4C8,208180_s_at,-2.368908637,5.80929201,-3.98425482,0.001454357,0.015350793,-1.181594579
236293_at,RHOH,236293_at,-2.36509278,6.572580797,-5.800144044,5.34e-05,0.001769235,2.104847053
222161_at,NAALAD2,222161_at,2.364702714,4.579448778,5.12626355,0.000173284,0.003728572,0.932509593
205980_s_at,NA,205980_s_at,-2.363517883,7.340292305,-5.853347866,4.88e-05,0.001674484,2.194640583
218883_s_at,CENPU,218883_s_at,-2.362943817,7.744363348,-4.722377627,0.000361355,0.00599973,0.20072435
238439_at,ANKRD22,238439_at,-2.362719985,5.894023421,-4.606498362,0.000447867,0.006888089,-0.012828479
213221_s_at,SIK2,213221_s_at,2.361857485,6.916987025,8.441103229,9.53e-07,0.000217076,6.064463847
210072_at,CCL19,210072_at,-2.361450098,9.106472202,-4.704291944,0.000373625,0.00612627,0.167493785
218355_at,KIF4A,218355_at,-2.360828249,5.860957336,-6.355779288,2.12e-05,0.001041038,3.022017949
219450_at,PGCKA1,219450_at,2.360467955,5.673993475,11.1716135,3.4e-08,5.63e-05,9.218252389
205960_at,PDK4,205960_at,2.359357187,6.108025361,6.497950266,1.68e-05,0.000915578,3.249341477
204848_x_at,NA,204848_x_at,2.358567155,7.881397698,4.590315251,0.000461554,0.007049008,-0.042769916
223551_at,PKIB,223551_at,-2.357746724,7.529440994,-4.070548831,0.001232378,0.013676911,-1.01769127
217276_x_at,SERHL2,217276_x_at,-2.354794592,8.113074725,-3.585386123,0.003149368,0.026006898,-1.943332077
238752_at,GPLD1,238752_at,2.354568514,4.78268733,5.2381499,0.000141898,0.003294392,1.131526538
202350_s_at,MATN2,202350_s_at,2.353990394,9.08794268,7.195738907,5.68e-06,0.00050511,4.321856993
209714_s_at,CDKN3,209714_s_at,-2.353692123,6.044201473,-7.496551725,3.63e-06,0.000408891,4.762442549
205239_at,AREG,205239_at,-2.35317095,7.637934023,-2.378892998,0.032751143,0.13027783,-4.196290374
215039_at,LINC01140,215039_at,2.352334887,8.024484359,5.433070968,0.000100588,0.0026154,1.474166501
204563_at,SELL,204563_at,-2.349380133,7.514049679,-4.007528528,0.001390737,0.01488148,-1.137345741
209183_s_at,DEPP1,209183_s_at,2.348532578,9.847254002,9.912772088,1.45e-07,9.42e-05,7.867236993
225575_at,LIFR,225575_at,2.347042572,8.652423773,10.65792939,6.04e-08,6.63e-05,8.686467257
205290_s_at,BMP2,205290_s_at,2.342893087,5.547056012,5.873484799,4.71e-05,0.00163603,2.22851808
229764_at,TPRG1,229764_at,2.341695481,6.021263735,3.061235646,0.008774106,0.052451812,-2.942756902
238003_at,HEPACAM,238003_at,2.340968599,5.766454331,7.089308533,6.68e-06,0.000552117,4.16286749
213005_s_at,KANK1,213005_s_at,2.340254129,9.164547288,8.279623521,1.19e-06,0.00024339,5.850350511
224476_s_at,MESP1,224476_s_at,2.338577856,7.179571348,6.673384653,1.27e-05,0.000782575,3.525721143
206337_at,CCR7,206337_at,-2.33777629,7.154511473,-4.628353075,0.000430046,0.006729474,0.027561336
235629_at,NA,235629_at,-2.336007364,6.275581819,-4.424090803,0.00062989,0.008718798,-0.351888941
221104_s_at,NIPSNAP3B,221104_s_at,2.334743134,4.911616416,5.7651323,5.67e-05,0.00183911,2.045531161
225645_at,EHF,225645_at,-2.334442204,9.599271895,-2.249914526,0.041729229,0.15377405,-4.420906704
204268_at,S100A2,204268_at,-2.332546502,7.368312284,-4.261303238,0.000856636,0.01072537,-0.657184119
203878_s_at,MMP11,203878_s_at,-2.331404002,8.437411583,-7.837792775,2.21e-06,0.000314704,5.246820795
213895_at,EMP1,213895_at,2.330179753,5.467220002,5.72457501,6.07e-05,0.001915527,1.976596975
228303_at,GALNT6,228303_at,-2.329566028,7.356767082,-5.570129834,7.92e-05,0.002249155,1.711911861
235316_at,NAT8L,235316_at,2.32894815,6.509266095,6.297537101,2.33e-05,0.001094325,2.928025258
217755_at,JPT1,217755_at,-2.326091402,8.784604757,-6.394839259,1.99e-05,0.001002267,3.084771651
213765_at,MFAP5,213765_at,2.323827091,8.95893536,3.331986871,0.005166192,0.036423151,-2.427987396
205005_s_at,NMT2,205005_s_at,2.323285682,7.081177717,10.92839424,4.45e-08,5.74e-05,8.969684749
235463_s_at,CERS6,235463_s_at,-2.320843714,6.553218111,-11.49291924,2.4e-08,5.11e-05,9.538023397
221558_s_at,LEF1,221558_s_at,-2.317180061,8.122548646,-7.168449172,5.92e-06,0.000519127,4.2812465
205208_at,ALDH1L1,205208_at,2.315808147,7.934988695,7.046882387,7.13e-06,0.000563784,4.09903284
89977_at,ACSM5,89977_at,2.31544877,6.990852575,6.668725725,1.28e-05,0.000785579,3.518440303
227529_s_at,AKAP12,227529_s_at,2.314435188,6.989381681,5.708364204,6.24e-05,0.001949206,1.948977035
219410_at,TMEM45A,219410_at,-2.313245268,9.246021236,-3.731280236,0.002371264,0.021450841,-1.664185779
235737_at,TSLP,235737_at,2.310272784,4.597157248,9.010937146,4.47e-07,0.000154716,6.793442841
205681_at,BCL2A1,205681_at,-2.307950214,5.716961285,-4.883125012,0.000269039,0.004957772,0.494395103
230378_at,SCGB3A1,230378_at,2.307343283,7.342375121,2.735735865,0.016534963,0.081262843,-3.551556804
222680_s_at,DTL,222680_s_at,-2.306594221,6.014094788,-3.867315143,0.001822062,0.017856466,-1.404351115
203414_at,MMD,203414_at,2.306017535,10.51862305,5.707431609,6.25e-05,0.001949868,1.947386922
218541_s_at,TCIM,218541_s_at,-2.304005805,7.726044169,-3.791347575,0.002110534,0.01982287,-1.549378839
223864_at,ANKRD30A,223864_at,-2.302794761,7.864431983,-3.423213486,0.004322114,0.032283414,-2.253658657
205513_at,TCN1,205513_at,-2.302455417,6.799323004,-2.320384828,0.036569647,0.140846148,-4.298831938
1552767_a_at,HS6ST2,1552767_a_at,-2.3015175,5.532236937,-3.025943225,0.009400509,0.055046892,-3.009419567
229580_at,CLSTN2,229580_at,2.300495988,7.843037433,4.14427744,0.00107033,0.012387864,-0.878034055
239272_at,MMP28,239272_at,2.300365456,5.644798704,5.906395853,4.46e-05,0.00158071,2.283758077
213844_at,HOXA5,213844_at,2.298503576,8.114747564,7.759245125,2.47e-06,0.00033154,5.136756322
204661_at,CD52,204661_at,-2.297309381,8.652376584,-4.510528052,0.000535638,0.007789605,-0.190794792
212353_at,SULF1,212353_at,-2.295197947,8.834627567,-5.245736794,0.000139997,0.003268294,1.144960687
211340_s_at,MCAM,211340_s_at,2.292725334,8.803769416,6.913890327,8.74e-06,0.000621705,3.897235143
242541_at,ABCA9,242541_at,2.288315402,6.744717288,6.408627489,1.95e-05,0.000990207,3.1068697
223229_at,UBE2T,223229_at,-2.286224705,6.991205605,-4.605058516,0.000449067,0.00690159,-0.015491288
211122_s_at,CXCL11,211122_s_at,-2.285723745,5.352113372,-3.333190091,0.005154046,0.036370348,-2.425690043
236923_x_at,NA,236923_x_at,2.283951357,9.185034467,5.559554488,8.07e-05,0.002272768,1.693662652
209493_at,PDZD2,209493_at,2.281193853,8.788903026,6.937137531,8.44e-06,0.000612352,3.932695753
225847_at,NCEH1,225847_at,-2.280858718,5.800829924,-7.010051861,7.54e-06,0.000578129,4.043405427
219054_at,NPR3,219054_at,2.27795201,8.054440712,4.964971101,0.000231808,0.004518394,0.642714376
226303_at,PGM5,226303_at,2.27729899,6.822960526,8.766597376,6.16e-07,0.000170902,6.485852423
202990_at,PYGL,202990_at,2.274931365,8.628595052,5.11753222,0.00017602,0.003766683,0.916908651
208350_at,CSN1S1,208350_at,2.274298664,4.921374809,4.919434082,0.00025181,0.004778789,0.560296309
210511_s_at,INHBA,210511_s_at,-2.273996645,7.829205577,-7.842537833,2.2e-06,0.000314659,5.253442641
203953_s_at,CLDN3,203953_s_at,-2.273697013,7.232846625,-3.351076524,0.004976834,0.035560428,-2.391531954
232812_at,EMC3,232812_at,2.273610168,6.37579692,5.552736355,8.16e-05,0.002293903,1.681888562
216604_s_at,SLC7A8,216604_s_at,-2.270023675,7.365017633,-6.775746769,1.08e-05,0.000704117,3.684881729
32837_at,AGPAT2,32837_at,2.269817243,9.305441236,6.642023583,1.34e-05,0.000805188,3.47664911
213680_at,KRT6B,213680_at,-2.269617189,8.940400542,-3.137399549,0.007560041,0.047277281,-2.798489397
206214_at,PLA2G7,206214_at,-2.268309451,6.591805214,-4.320676525,0.000765514,0.009970094,-0.545560741
212354_at,SULF1,212354_at,-2.268204396,9.68618141,-5.093238537,0.00018387,0.003859161,0.873448431
238178_at,NA,238178_at,2.267135909,5.097936859,10.44699693,7.69e-08,7.51e-05,8.460473205
200696_s_at,GSN,200696_s_at,2.266376546,11.09780222,8.264953295,1.21e-06,0.000244723,5.830729484
225185_at,MRAS,225185_at,2.26258751,9.2616858,8.560438677,8.11e-07,0.000197303,6.220524792
207071_s_at,ACO1,207071_s_at,2.261419501,8.783123112,5.875001351,4.7e-05,0.001634753,2.231067052
226448_at,FAM89A,226448_at,2.260531975,7.810304869,5.732192303,5.99e-05,0.001903934,1.989562132
236179_at,CDH11,236179_at,-2.260486076,6.193646147,-6.107407725,3.19e-05,0.001334549,2.617683954
218755_at,KIF20A,218755_at,-2.259114747,6.310138488,-5.973616347,3.98e-05,0.001486972,2.396090172
205384_at,FXYD1,205384_at,2.25712436,8.699911021,9.143832466,3.77e-07,0.000153216,6.957672755
215779_s_at,H2BC8,215779_s_at,-2.256986253,5.636720204,-3.536850153,0.003461968,0.027794876,-2.03623304
223836_at,FGFBP2,223836_at,2.255117914,6.003134034,3.888787613,0.00174805,0.01737405,-1.363399956
227943_at,NA,227943_at,-2.25364028,6.46462412,-7.192840143,5.71e-06,0.000506504,4.317548367
202575_at,CRABP2,202575_at,-2.253116502,10.83891633,-7.096804891,6.6e-06,0.000550338,4.174119428
1560698_a_at,TRHDE-AS1,1560698_a_at,2.252135481,5.026957434,6.001697656,3.8e-05,0.001455608,2.442819582
209185_s_at,IRS2,209185_s_at,2.248497806,9.886602579,7.3903073,4.24e-06,0.000440358,4.608303022
211071_s_at,MLLT11,211071_s_at,-2.247796584,7.883101427,-5.507372861,8.83e-05,0.002402503,1.603382726
235228_at,CCDC85A,235228_at,2.247256083,4.767833869,6.958307125,8.16e-06,0.000602396,3.964918552
206714_at,ALOX15B,206714_at,-2.243906999,7.271106441,-2.856590118,0.013078129,0.069173523,-3.327270826
205307_s_at,KMO,205307_s_at,-2.24094199,5.576705507,-4.217319693,0.00093128,0.011282454,-0.740063877
202705_at,CCNB2,202705_at,-2.239907366,6.718646618,-5.583902391,7.74e-05,0.002216929,1.735654324
218792_s_at,BSPRY,218792_s_at,-2.239678185,7.889830896,-6.14677882,2.98e-05,0.001276229,2.682388297
220327_at,VGLL3,220327_at,2.238189109,6.4386313,7.063314169,6.95e-06,0.000560432,4.123787191
204223_at,PRELP,204223_at,2.234425595,8.87406522,6.429374001,1.88e-05,0.000973895,3.140066419
217284_x_at,SERHL2,217284_x_at,-2.23332418,8.042339837,-3.754628991,0.002266232,0.020824577,-1.619547296
209074_s_at,FAM107A,209074_s_at,2.231575518,7.954148386,10.14974342,1.09e-07,8.62e-05,8.134149691
209298_s_at,ITSN1,209298_s_at,2.229964216,8.179098565,5.308367762,0.000125282,0.003027918,1.255561969
205006_s_at,NMT2,205006_s_at,2.228367152,6.844362778,7.437804992,3.96e-06,0.000425751,4.677410189
227230_s_at,CRACD,227230_s_at,-2.227830153,5.438440229,-5.559673376,8.07e-05,0.002272768,1.693867898
203108_at,GPRC5A,203108_at,-2.227429317,8.053231426,-4.061798331,0.001253213,0.013808828,-1.034290732
203304_at,BAMBI,203304_at,-2.223553334,8.53681446,-3.218444453,0.00645146,0.042370398,-2.644461101
204915_s_at,SOX11,204915_s_at,-2.220507842,6.437514063,-2.678430875,0.018471961,0.087824882,-3.65700743
213317_at,CLIC5,213317_at,2.220224823,6.432981568,8.101600804,1.52e-06,0.00027447,5.610325786
218625_at,NRN1,218625_at,2.219327018,7.809741148,7.107748826,6.49e-06,0.000547,4.190531521
243278_at,FOXP2,243278_at,2.217316772,5.027414558,8.331680811,1.11e-06,0.000233576,5.919747583
203453_at,SCNN1A,203453_at,-2.216965564,8.497115634,-3.463488175,0.003995026,0.030544631,-2.176622695
206100_at,CPM,206100_at,2.215820115,8.620231107,4.012611571,0.001377225,0.014786287,-1.127685816
206069_s_at,ACADL,206069_s_at,2.213358018,4.753625066,5.52329106,8.59e-05,0.002365687,1.630964011
204675_at,SRD5A1,204675_at,-2.211735298,7.141419672,-5.476502792,9.32e-05,0.002491395,1.549792134
AFFX-M27830_5_at,NA,AFFX-M27830_5_at,2.211469147,8.95435016,5.693470883,6.4e-05,0.001976849,1.923568241
206043_s_at,ATP2C2,206043_s_at,-2.210588347,6.533021651,-3.788171223,0.002123562,0.019915222,-1.555447165
224579_at,SLC38A1,224579_at,-2.20985107,9.696172737,-5.207978461,0.000149729,0.003403931,1.078024728
219093_at,PID1,219093_at,2.208602755,7.665567119,8.279859053,1.19e-06,0.00024339,5.850665297
208790_s_at,CAVIN1,208790_s_at,2.208092046,7.599747919,7.362879991,4.42e-06,0.000449323,4.568251524
202589_at,TYMS,202589_at,-2.207729992,8.152312826,-5.8813608,4.65e-05,0.001623672,2.241752137
226374_at,CXADR,226374_at,-2.205700895,7.885911322,-3.839120179,0.001924122,0.018525422,-1.458152159
225681_at,CTHRC1,225681_at,-2.200043994,11.00559737,-5.378109702,0.000110778,0.002797598,1.378085937
210356_x_at,MS4A1,210356_x_at,-2.199849734,6.033170316,-3.220273539,0.006428409,0.042300311,-2.640979602
237339_at,LINC00993,237339_at,-2.198699902,7.907346149,-3.333234674,0.005153596,0.036370348,-2.425604919
204179_at,MB,204179_at,-2.192907288,7.64693133,-5.277988811,0.000132207,0.00313597,1.201982111
210652_s_at,TTC39A,210652_s_at,-2.190390048,7.453587162,-4.486178643,0.000560614,0.00804022,-0.236099866
230795_at,NA,230795_at,-2.190299555,9.464746665,-4.813968519,0.000305325,0.005385047,0.368429819
208546_x_at,H2BC9,208546_x_at,-2.189287215,6.268939279,-7.299907951,4.86e-06,0.000465113,4.475889336
211712_s_at,ANXA9,211712_s_at,-2.188901903,6.480748412,-3.713017723,0.002456855,0.021941936,-1.699109514
210678_s_at,AGPAT2,210678_s_at,2.188346264,8.252760452,6.381702018,2.03e-05,0.001018198,3.063690665
239942_at,GNG11,239942_at,2.188146211,5.398339367,8.101940692,1.52e-06,0.00027447,5.610788069
209396_s_at,CHI3L1,209396_s_at,-2.185338842,8.115147113,-3.335123393,0.00513459,0.036289259,-2.421998592
202036_s_at,SFRP1,202036_s_at,2.183734205,7.750425225,4.490968807,0.000555608,0.007993795,-0.227182441
226129_at,FAM83H,226129_at,-2.180608858,7.991721479,-5.534083133,8.43e-05,0.002337007,1.649642834
222067_x_at,H2BC5,222067_x_at,-2.18050932,8.087420921,-5.62315828,7.23e-05,0.002131479,1.803178248
205204_at,NMB,205204_at,2.177816851,8.607915367,6.311979491,2.28e-05,0.001079045,2.951379726
207173_x_at,CDH11,207173_x_at,-2.174822208,10.08838745,-6.328142895,2.22e-05,0.001066273,2.977480469
204044_at,QPRT,204044_at,-2.172049534,7.549868543,-5.736602885,5.95e-05,0.001895133,1.997065392
210761_s_at,GRB7,210761_s_at,-2.17108076,8.119749079,-2.708382832,0.017433478,0.084433999,-3.601968668
229105_at,GPR39,229105_at,-2.167839342,6.847075423,-6.393138905,1.99e-05,0.001002267,3.082044581
210247_at,SYN2,210247_at,2.165665704,5.868914079,9.613637199,2.08e-07,0.0001149,7.521455293
227561_at,DDR2,227561_at,2.165371188,9.436481928,6.873730552,9.31e-06,0.000644889,3.835790328
219789_at,NPR3,219789_at,2.164777938,6.310698253,3.74814,0.002294939,0.020970088,-1.631951628
227899_at,VIT,227899_at,2.162541495,6.731283953,8.58732462,7.82e-07,0.000195239,6.255432799
229125_at,KANK4,229125_at,2.160280618,6.956760563,3.79894618,0.002079697,0.019621649,-1.534863252
228730_s_at,SCRN2,228730_s_at,2.159009042,8.243826063,8.604914378,7.64e-07,0.000194178,6.278220999
242093_at,SYTL5,242093_at,-2.158159774,5.659608723,-3.199932825,0.006689442,0.043525555,-2.679684045
243386_at,CASZ1,243386_at,-2.157373307,6.57040681,-5.915791458,4.39e-05,0.001564783,2.299499051
206825_at,OXTR,206825_at,2.155575299,6.706180917,2.553729737,0.023479172,0.10362639,-3.884151373
208451_s_at,NA,208451_s_at,-2.155507165,9.843906599,-3.611889361,0.002990885,0.025076928,-1.892604453
222496_s_at,RBM47,222496_s_at,-2.154518837,8.771439463,-8.711072998,6.63e-07,0.000178526,6.414920223
1553102_a_at,CCDC69,1553102_a_at,2.153115187,7.151883677,6.332159932,2.2e-05,0.001063229,2.983961179
205794_s_at,NOVA1,205794_s_at,2.151589664,7.2931568,6.880537901,9.21e-06,0.000643907,3.846222255
215043_s_at,NA,215043_s_at,-2.151065703,7.372016236,-3.729434629,0.002379775,0.021506478,-1.667714818
37117_at,NA,37117_at,-2.145695341,8.196476662,-5.325922968,0.000121454,0.002968785,1.286466588
209201_x_at,CXCR4,209201_x_at,-2.144231095,8.107956416,-5.784163499,5.48e-05,0.001799827,2.077795453
1557422_at,NA,1557422_at,2.143593997,5.892087336,6.495042128,1.69e-05,0.000916129,3.244721578
232231_at,RUNX2,232231_at,-2.14219531,8.090874166,-4.184296217,0.000991693,0.011773101,-0.802392126
204962_s_at,CENPA,204962_s_at,-2.141862103,6.321068149,-5.454515679,9.69e-05,0.002555259,1.511540287
203986_at,NA,203986_at,2.14104512,7.553169914,5.909052655,4.44e-05,0.001576712,2.288210479
204476_s_at,PC,204476_s_at,2.14024101,7.715783489,5.924983761,4.32e-05,0.001556185,2.314886855
239273_s_at,MMP28,239273_s_at,2.139360352,5.844734554,6.133774876,3.05e-05,0.001295381,2.661042406
218665_at,FZD4,218665_at,2.138764888,9.357720708,5.708486838,6.24e-05,0.001949206,1.949186122
204623_at,TFF3,204623_at,-2.136480745,8.805226873,-2.397640578,0.03161006,0.127144122,-4.163217597
201631_s_at,IER3,201631_s_at,-2.136157858,10.02641477,-7.849761498,2.17e-06,0.000314659,5.263517525
235141_at,MARVELD2,235141_at,-2.135125408,8.401351118,-4.509238592,0.000536931,0.007801415,-0.193192483
204444_at,KIF11,204444_at,-2.134845107,5.444856534,-4.814285252,0.000305148,0.00538387,0.369008048
1560697_at,TRHDE-AS1,1560697_at,2.133585076,4.552449666,5.69432686,6.39e-05,0.001976849,1.925029453
210517_s_at,AKAP12,210517_s_at,2.1330174,9.791405421,5.811384952,5.24e-05,0.001753854,2.123853133
33323_r_at,SFN,33323_r_at,-2.131024762,9.539622265,-3.416943012,0.004375412,0.032556569,-2.265649288
209087_x_at,MCAM,209087_x_at,2.130332216,9.066590195,6.628019381,1.37e-05,0.000815099,3.454689181
235885_at,P2RY12,235885_at,2.129103385,5.085249117,5.230595342,0.000143818,0.003322036,1.118141892
219787_s_at,ECT2,219787_s_at,-2.128582614,7.131457809,-5.524714086,8.57e-05,0.002361079,1.63342792
210809_s_at,POSTN,210809_s_at,-2.128562078,12.58393769,-5.664314734,6.73e-05,0.002045147,1.873733368
210163_at,CXCL11,210163_at,-2.127449858,4.460217,-2.975446713,0.010374541,0.058841084,-3.104567357
225442_at,DDR2,225442_at,2.126885581,9.457666736,6.52499547,1.61e-05,0.000891273,3.292245718
221874_at,ELAPOR1,221874_at,-2.126519411,7.812888548,-3.081070255,0.008440434,0.050973821,-2.905237587
229030_at,CAPN8,229030_at,-2.124557156,6.411459334,-3.304563504,0.005450938,0.037767799,-2.480330955
218976_at,DNAJC12,218976_at,-2.123997728,7.877441167,-2.963599714,0.010617147,0.059764493,-3.126847342
201195_s_at,SLC7A5,201195_s_at,-2.123448363,6.683943095,-4.997027133,0.000218723,0.004356538,0.700576271
211919_s_at,CXCR4,211919_s_at,-2.121873044,7.885040179,-5.71527223,6.17e-05,0.001933958,1.960751579
219825_at,CYP26B1,219825_at,2.118989491,7.112060037,6.240756083,2.56e-05,0.001158068,2.835905602
220338_at,RALGPS2,220338_at,-2.117939073,6.831905343,-7.264196013,5.12e-06,0.000479786,4.423258238
238969_at,SLC66A1LP,238969_at,2.116285616,5.764602778,6.842684578,9.77e-06,0.000665002,3.78812777
210239_at,IRX5,210239_at,-2.114788209,8.26385929,-4.298392324,0.000798485,0.010265023,-0.587420231
208579_x_at,NA,208579_x_at,-2.114252876,8.560701546,-4.911355534,0.000255541,0.004822824,0.545647795
204679_at,KCNK1,204679_at,-2.109617337,8.184138521,-3.28743492,0.005636721,0.03868303,-2.513007088
219534_x_at,CDKN1C,219534_x_at,2.109127594,7.143327093,8.859477951,5.45e-07,0.00016509,6.603645906
240869_at,KCNB1,240869_at,2.108726952,5.178587108,5.508646851,8.81e-05,0.002402503,1.605591477
205108_s_at,APOB,205108_s_at,2.108148333,4.715561927,4.705401327,0.000372861,0.006121967,0.169533236
200831_s_at,SCD,200831_s_at,2.108095143,10.19424487,3.911022374,0.001674639,0.016911875,-1.321016621
1554062_at,XG,1554062_at,2.107919299,6.760683608,3.351632359,0.004971426,0.035545014,-2.390470265
203764_at,DLGAP5,203764_at,-2.107148059,5.513255301,-5.764216206,5.67e-05,0.001839993,2.04397674
211922_s_at,CAT,211922_s_at,2.105654157,8.903451803,8.234670263,1.26e-06,0.00025053,5.790137067
204146_at,RAD51AP1,204146_at,-2.10479905,6.305155321,-6.379447247,2.04e-05,0.001019123,3.060069915
206201_s_at,MEOX2,206201_s_at,2.103622995,6.883159961,7.229891829,5.4e-06,0.000490911,4.372529734
206632_s_at,APOBEC3B,206632_s_at,-2.099807585,6.280116542,-4.574690524,0.000475179,0.007172945,-0.071704895
208473_s_at,GP2,208473_s_at,-2.098374276,6.295629393,-2.983321462,0.010216321,0.058215463,-3.089748522
212977_at,ACKR3,212977_at,2.093985349,9.610229097,4.586619522,0.00046474,0.007077893,-0.049611573
220751_s_at,FAXDC2,220751_s_at,2.090249366,8.296203459,10.97908063,4.21e-08,5.74e-05,9.021957752
204134_at,PDE2A,204134_at,2.089737527,7.481961472,7.359598956,4.44e-06,0.000450687,4.563453134
241789_at,RBMS3,241789_at,2.087948771,7.482134274,8.094746286,1.54e-06,0.000274539,5.600999656
1552477_a_at,IRF6,1552477_a_at,-2.085846639,7.076533298,-3.226529364,0.006350193,0.041961457,-2.62907061
216080_s_at,FADS3,216080_s_at,2.085595695,7.250660428,6.777476024,1.08e-05,0.000703883,3.68755725
230360_at,GLDN,230360_at,2.084357701,6.976709038,5.261876002,0.000136041,0.003193333,1.17351245
212472_at,MICAL2,212472_at,-2.082205031,7.57727266,-7.382790411,4.29e-06,0.000442786,4.597336914
218468_s_at,GREM1,218468_s_at,-2.081439158,6.795154379,-4.647314479,0.00041518,0.006576083,0.06256165
206110_at,H3C10,206110_at,-2.080855067,5.553942268,-4.123614245,0.00111341,0.01271953,-0.917136499
236256_at,NA,236256_at,-2.080597839,7.05511499,-5.568972497,7.94e-05,0.002251033,1.709915496
230030_at,HS6ST2,230030_at,-2.07972055,5.095669932,-2.510159204,0.025520239,0.10978984,-3.962680441
212701_at,TLN2,212701_at,2.078510757,7.166280024,7.939634437,1.91e-06,0.000302319,5.388267922
236193_at,H2BC4,236193_at,-2.077937509,5.752196196,-2.989785965,0.010088222,0.057712992,-3.077578096
203214_x_at,CDK1,203214_x_at,-2.075363357,6.194994875,-6.027631951,3.64e-05,0.001428741,2.485872777
227794_at,GLYATL1,227794_at,-2.073397572,5.370670421,-6.141597233,3.01e-05,0.001284717,2.673885759
202357_s_at,CFB,202357_s_at,-2.070974395,8.663843582,-3.93838884,0.001588586,0.016285781,-1.268883496
230493_at,SHISA2,230493_at,-2.070821866,6.072161193,-2.258108299,0.041095795,0.152112244,-4.406796747
215465_at,ABCA12,215465_at,-2.068888266,4.929144653,-2.877283405,0.012562025,0.06721095,-3.288636402
209457_at,DUSP5,209457_at,-2.068843406,7.089922368,-5.605411848,7.45e-05,0.002167418,1.772680058
211708_s_at,SCD,211708_s_at,2.06806305,7.569290674,3.84486707,0.001902857,0.018399063,-1.447183498
206208_at,CA4,206208_at,2.067301031,6.395036101,10.16163769,1.07e-07,8.62e-05,8.147386842
221601_s_at,FCMR,221601_s_at,-2.066480626,7.254364141,-4.38213122,0.000681657,0.009222102,-0.430350866
203287_at,LAD1,203287_at,-2.066308606,8.20050606,-4.302661306,0.000792057,0.010199109,-0.579397875
227530_at,AKAP12,227530_at,2.065186779,9.044198081,5.51598261,8.7e-05,0.002385153,1.618305209
1554789_a_at,PDE8B,1554789_a_at,2.062282062,4.90439399,5.512166582,8.76e-05,0.002395704,1.611692538
214624_at,UPK1A,214624_at,-2.061351966,6.503205899,-2.665965322,0.018921687,0.089266409,-3.679861757
204825_at,MELK,204825_at,-2.060113092,7.412846083,-4.349604713,0.000724791,0.009609107,-0.491286201
227492_at,OCLN,227492_at,-2.055467364,8.348035694,-3.861378515,0.001843083,0.018004384,-1.415676594
224762_at,SERINC2,224762_at,-2.05526896,7.495104107,-5.388002901,0.000108867,0.00276595,1.395411869
240655_at,NA,240655_at,-2.053477301,6.95349148,-5.361410082,0.000114084,0.00284797,1.348809055
205608_s_at,ANGPT1,205608_s_at,2.053295222,5.903769682,8.620230044,7.48e-07,0.000192072,6.298030958
214428_x_at,NA,214428_x_at,-2.052900432,9.619025937,-3.568716335,0.003253376,0.026608576,-1.975239382
232035_at,H4C8,232035_at,-2.051941559,6.25805865,-4.116755538,0.001128099,0.012841725,-0.930122394
206102_at,GINS1,206102_at,-2.051701705,6.323187263,-4.915867452,0.00025345,0.004795369,0.553830078
203216_s_at,MYO6,203216_s_at,-2.051223523,9.280169639,-6.007314863,3.76e-05,0.001451997,2.452153066
214710_s_at,CCNB1,214710_s_at,-2.050852757,7.037846648,-5.163079455,0.000162227,0.003581146,0.998180364
1564525_at,GSN,1564525_at,2.05074623,7.522170959,6.74616356,1.14e-05,0.000724804,3.639042109
204482_at,CLDN5,204482_at,2.050502308,8.353828647,9.833574962,1.59e-07,9.83e-05,7.776662961
228191_at,FLVCR1,228191_at,-2.049366283,8.111186696,-5.382995001,0.00010983,0.002784118,1.386643251
225835_at,SLC12A2,225835_at,-2.047995596,9.473842971,-3.237121236,0.006219927,0.041373868,-2.60890171
217871_s_at,MIF,217871_s_at,-2.046622128,11.81946197,-8.348152033,1.08e-06,0.000231036,5.941631283
1557938_s_at,CAVIN1,1557938_s_at,2.045602318,8.428277292,7.797636044,2.34e-06,0.000323945,5.190657392
213182_x_at,CDKN1C,213182_x_at,2.041804943,7.225614677,8.068447631,1.59e-06,0.000276612,5.565159798
203276_at,LMNB1,203276_at,-2.041594911,6.172275205,-7.511412449,3.55e-06,0.000405886,4.783875379
219563_at,SYNE3,219563_at,2.039083735,9.509267724,6.220071342,2.64e-05,0.001188214,2.802228386
202912_at,ADM,202912_at,2.037997204,9.064334234,6.940816035,8.39e-06,0.000611455,3.9382996
235201_at,FOXP2,235201_at,2.03715468,7.04898275,7.667394775,2.83e-06,0.000360194,5.006971356
1558444_at,NA,1558444_at,2.035211619,6.688938549,7.313170282,4.76e-06,0.000462773,4.495388474
226322_at,TMTC1,226322_at,2.033755242,8.314107349,7.626456156,3e-06,0.000366785,4.948747489
212886_at,CCDC69,212886_at,2.033383556,8.253774548,6.096633927,3.24e-05,0.001349313,2.59993775
214404_x_at,SPDEF,214404_x_at,-2.02577152,9.33057502,-7.429926371,4e-06,0.000428909,4.665969248
236359_at,SCN4B,236359_at,2.025677497,7.45446639,8.392081691,1.02e-06,0.00022191,5.99982318
205413_at,MPPED2,205413_at,2.025671701,5.660978058,10.22587996,9.96e-08,8.38e-05,8.218621007
222750_s_at,SRD5A3,222750_s_at,-2.025636747,8.963489477,-5.154718432,0.000164672,0.003611485,0.983282101
222537_s_at,CDC42SE1,222537_s_at,-2.024517895,8.017048095,-8.813757191,5.79e-07,0.000166881,6.545795902
212473_s_at,MICAL2,212473_s_at,-2.024011315,9.617627849,-8.047566699,1.64e-06,0.000278745,5.536637128
225894_at,SYNPO2,225894_at,2.02275973,6.538642084,7.095403909,6.62e-06,0.000550338,4.17201719
1552616_a_at,ACACB,1552616_a_at,2.021203181,6.216593039,4.854245143,0.000283615,0.005136355,0.441862304
204591_at,CHL1,204591_at,2.019008115,7.087219482,5.533476887,8.44e-05,0.002338285,1.648593988
213228_at,PDE8B,213228_at,2.018746549,6.677975447,4.578182531,0.000472098,0.007143367,-0.065235889
209182_s_at,DEPP1,209182_s_at,2.018709353,7.982659797,9.108964355,3.94e-07,0.000153216,6.914789829
220061_at,ACSM5,220061_at,2.017626336,7.23364642,6.902778356,8.9e-06,0.000628413,3.880257351
225102_at,MGLL,225102_at,2.017313825,9.565109397,5.837407996,5.01e-05,0.001705527,2.167781896
218876_at,TPPP3,218876_at,2.016776582,7.611437322,5.481385482,9.24e-05,0.002476302,1.558277485
204951_at,RHOH,204951_at,-2.016606959,7.447198061,-5.940245838,4.21e-05,0.001534934,2.340407923
238964_at,FIGN,238964_at,2.01402138,5.213337049,8.381428901,1.03e-06,0.00022249,5.985734939
205730_s_at,ABLIM3,205730_s_at,2.010714274,7.658651007,6.712001881,1.2e-05,0.00075151,3.585947685
235570_at,RBMS3,235570_at,2.008723263,8.59931433,9.404547556,2.71e-07,0.000133344,7.273726489
201425_at,ALDH2,201425_at,2.008445394,11.16185298,5.798886287,5.35e-05,0.001769235,2.102719294
1553129_at,SVEP1,1553129_at,2.008264835,4.781838708,7.439465722,3.95e-06,0.000425751,4.679820697
229480_at,MAGI2-AS3,229480_at,2.005280371,5.4469741,6.056053043,3.47e-05,0.001390582,2.532940106
208623_s_at,EZR,208623_s_at,-2.005018716,9.734367531,-5.6342457,7.09e-05,0.002105868,1.822209589
219474_at,C3orf52,219474_at,-2.00140429,7.198578109,-4.305291703,0.000788123,0.010174751,-0.574455563
211430_s_at,NA,211430_s_at,-2.001010494,12.24237613,-2.757979279,0.015837766,0.078821215,-3.510461458
