X,logFC,AveExpr,t,P.Value,adj.P.Val,B
203757_s_at,-5.65142013534956,8.3173697438872,-8.42087503062855,9.79462049742885e-07,0.000221289618056579,6.03782836178148
207092_at,5.3751055702422,8.4862382161216,8.17092085855968,1.38159504719555e-06,0.000260995265199032,5.70428883708254
211657_at,-5.24959967704389,8.95836732519485,-9.27119633605675,3.20140286156139e-07,0.000148336187674465,7.11307596354241
204580_at,-5.08637061912679,7.0849698340084,-5.78706573449234,5.4572065918329e-05,0.00179526335985839,2.08271107830208
205916_at,-4.96442740389118,7.72928069051224,-3.96813329084546,0.0015001637146241,0.0156918789166009,-1.21226317095779
219295_s_at,4.88322564798181,7.87029944333655,8.06643267805453,1.59870656086119e-06,0.000276611649414829,5.56240999070736
228409_at,4.69535895922287,9.10281515713011,8.41083153547217,9.92956599805402e-07,0.000221909689904983,6.02458388076093
206243_at,4.68512269916067,7.30344129228382,9.26131773002535,3.2418340027775e-07,0.000148947289161227,7.10109163928918
204351_at,-4.68183826510505,8.99597049809099,-6.43054631306369,1.87743833032858e-05,0.00097357813009064,3.14194034040904
214451_at,-4.63299293817866,8.68440321158081,-7.87302944987982,2.10177493885095e-06,0.000314602119719355,5.2959209195893
201890_at,-4.62136415355494,7.42358574490335,-7.63004555954168,2.98304322102231e-06,0.000366177522211778,4.95386176372033
240304_s_at,-4.61576731101024,8.59407253182752,-7.66719487947992,2.82621242098489e-06,0.000360193855751397,5.00668762602477
217428_s_at,-4.6109709998147,7.32934456363418,-18.5092945924636,5.61848487260022e-11,3.07190660409417e-06,14.6567753543161
203548_s_at,4.59135823080962,10.0948125426253,7.21154747693093,5.5475736638182e-06,0.00049805187203491,4.34533304344358
219140_s_at,4.57313954596842,9.07066156563084,8.80606462591824,5.84494722929107e-07,0.000167315439665701,6.53603703884433
1552519_at,4.56721223040935,8.1470500278193,9.95994877831517,1.36688974241265e-07,9.11398739834288e-05,7.92086210326498
205913_at,4.53392061830518,10.506395208792,8.38657934514335,1.02636227276801e-06,0.000221909689904983,5.99254820975379
235978_at,4.50075767876569,8.65286668408237,5.99928682462331,3.81398708179093e-05,0.00145824995592251,2.43881234448222
208383_s_at,4.46950919582934,6.60952585902768,8.25055460317986,1.23721249097579e-06,0.00024598033797855,5.81144406512388
225424_at,4.45117557949322,8.97263221458987,10.3835344634489,8.28210322421065e-08,7.80169400666112e-05,8.39158310570798
226535_at,-4.449297537207,9.15159131757713,-5.12271406544294,0.000174390711288268,0.00374049844417406,0.926168668328883
237086_at,-4.42484950408842,7.27511537421656,-9.02569939055748,4.38624126605049e-07,0.000154650926705674,6.81179148026986
225420_at,4.40693331007212,7.7812991580349,10.0036974001062,1.29696457630725e-07,9.08291563429649e-05,7.97037271901903
1563182_at,4.38329591259816,5.53563542575754,11.3703357361495,2.73826281712719e-08,5.16256963884238e-05,9.41716065915432
213706_at,4.34600654433291,8.76190196639432,8.40512860664957,1.00070683089219e-06,0.000221909689904983,6.01705753067062
219398_at,4.33238632359351,9.49569285393335,9.16854732508636,3.64912759633723e-07,0.000153216465020858,6.98798012737568
1553394_a_at,-4.29203356673074,7.43943163294379,-8.99468130501704,4.5663164200181e-07,0.000157020975009113,6.77320701797562
229476_s_at,4.28490204374962,8.85756844857421,6.29542905874459,2.3377858978063e-05,0.0010962130700048,2.92461379783043
221295_at,4.26727632777768,6.97748875551451,7.44227690077884,3.92967694459708e-06,0.000425455617714545,4.68390016117845
205941_s_at,-4.23722826681436,7.81460881366077,-14.4423732180444,1.37067089321516e-09,1.68119939813728e-05,12.0726111215531
209875_s_at,-4.23572516870266,9.59075558931307,-8.77462465573449,6.09275915960921e-07,0.000170902485148718,6.49607527916169
220065_at,4.21094552363596,5.68984510208227,8.07245642069458,1.58525534822561e-06,0.000276611649414829,5.57062897456437
211138_s_at,-4.20774300181598,7.16064675923429,-6.05655025323447,3.46627100854251e-05,0.00139045023765269,2.53376245776765
203549_s_at,4.18749229972329,10.4445947858944,7.63236147674454,2.97300187090994e-06,0.000366177522211778,4.95716058833588
213524_s_at,4.15332900952338,9.81668292319337,8.75395683388777,6.26172801662048e-07,0.000172909080458952,6.46973816658876
209612_s_at,4.15264846451335,10.3825778288969,8.97912772802418,4.65955573946031e-07,0.000158236776431672,6.75381519802983
201839_s_at,-4.11863609323383,10.2314972414336,-4.62685024677427,0.00043124792020597,0.00674248785738101,0.024785618728778
205306_x_at,-4.11010150513726,7.24532193415428,-5.89849844688381,4.51786612255502e-05,0.00159673128798123,2.27051708067587
228854_at,4.10143857551224,9.43712938030853,6.59716415455114,1.43754065697865e-05,0.000838821082393893,3.40620287826538
206165_s_at,-4.08639089715219,7.98267566048738,-7.4148083920782,4.09288179478566e-06,0.000432138287864432,4.643991045315
218087_s_at,4.08584100409727,8.86252229309727,11.5612908931349,2.23060615898823e-08,5.10823814673842e-05,9.60483601994934
219580_s_at,-4.06684817430468,7.82497039074372,-7.79632109631978,2.34560611915874e-06,0.000323944600347893,5.18881455486899
243311_at,4.06500700304307,6.04645557851633,6.84599112142997,9.71657544662678e-06,0.000663267860063296,3.79321078455465
205883_at,4.04097228252742,8.58683430246179,8.49465291028956,8.86107268394973e-07,0.000207930965233885,6.13472005921195
220736_at,4.00471263500806,6.04168039968614,8.22837080514131,1.27575074554771e-06,0.000250804951882594,5.78167784867006
204388_s_at,3.99546079499566,7.35919993924477,8.91031516495462,5.09702713826912e-07,0.000164668204727269,6.66766571662833
217528_at,-3.99157421939029,6.98559237980596,-7.20980443445891,5.56218794675367e-06,0.000498545288506159,4.34274635328375
226064_s_at,3.97342890649617,8.81978178761875,8.05254829325522,1.63017390830113e-06,0.000277724724725683,5.54344714360134
209699_x_at,3.96793451655846,9.79659458956593,6.87880488436186,9.23315673201084e-06,0.000643906689187108,3.84356713680668
209773_s_at,-3.96730299664607,7.67768257744769,-7.00664546253044,7.57874808806324e-06,0.00057825962009882,4.03825056603744
49452_at,3.9670005570249,8.38634355711153,7.84312159486756,2.19348598250912e-06,0.000314658531258011,5.25425708297895
211653_x_at,3.91591043432571,9.49466534471385,7.8962677088332,2.03332364079793e-06,0.000309506416860528,5.32820913913351
204151_x_at,3.90793810344367,10.4621894354672,7.5649785019189,3.28035169034393e-06,0.000382664626237219,4.86087307381498
220037_s_at,3.90771581894606,6.78013309711059,6.58838631368286,1.45776457091242e-05,0.000844314384688947,3.39238352731324
235708_at,3.8987595067722,5.29596436590497,7.06110277883933,6.97194136987735e-06,0.000560432478689565,4.12045803083172
209686_at,3.88893218875442,7.23505794833329,9.07480988768225,4.11639688050467e-07,0.000153216465020858,6.87264247372071
235456_at,-3.88705528733272,6.94668944777337,-7.28433020367271,4.97216610149489e-06,0.000469521902589349,4.45295380364056
210299_s_at,3.87351040459453,9.29572478941713,6.90002912823261,8.93404587118083e-06,0.000630282526460403,3.87605406514632
218934_s_at,3.86941669999164,6.56117424974213,7.42244566863525,4.04679725909639e-06,0.000430464280430147,4.6550980078146
239523_at,3.85810701594902,7.5602889953134,8.71385363213334,6.60395409066693e-07,0.000178526218471757,6.41848168312125
1552509_a_at,3.8530475549262,8.14811119996895,8.90791295176305,5.1130663320812e-07,0.000164668204727269,6.66464776675403
208186_s_at,3.85184646952672,8.40416701206441,7.27999956997663,5.00457299429814e-06,0.000471767290453881,4.44657152816711
227762_at,3.83526880692729,8.77359839705628,7.72199868822179,2.61059306829614e-06,0.000341469320595913,5.0842677582485
244276_at,3.82769951861989,7.35726375898448,6.34001297217174,2.17399489103458e-05,0.00105750151839249,2.99662361269366
216623_x_at,-3.82526214973775,7.32403357838981,-5.50757580011445,8.83135094652195e-05,0.00240250293453006,1.60373458198084
203400_s_at,3.81200044326946,8.02808528492102,6.89031679457789,9.06963131459805e-06,0.000637380581138365,3.86119604911915
43427_at,3.80792867084959,8.3322614213594,8.05675138232019,1.6205793637149e-06,0.000277724724725683,5.54919032074287
214774_x_at,-3.78818288016126,7.03607376085108,-5.31152265343482,0.000124584871111878,0.00301880761684775,1.26111904446521
206134_at,-3.7796646785416,6.31853407229653,-6.77373985570699,1.08776129785435e-05,0.000704950124150495,3.68177606008497
208607_s_at,3.77782176766394,8.53673461242284,6.0079234584013,3.75928165946103e-05,0.00145199724682618,2.45316402062518
209613_s_at,3.7652557412491,10.2223075586007,9.0741020055706,4.12015855469284e-07,0.000153216465020858,6.8717674403351
210964_s_at,3.76293638662923,7.77601070518627,7.40852592998661,4.13120728739219e-06,0.00043353888375848,4.63484820146774
1557832_at,3.76090845109281,5.01739183657056,8.60166229256197,7.67121454296691e-07,0.00019417761811885,6.27401076754348
214505_s_at,3.75119297549448,9.11971759654556,7.08898883176542,6.68128320837315e-06,0.000552116590616636,4.16238744228236
210298_x_at,3.74345110956238,8.80030120732794,6.54906119484099,1.55211849474687e-05,0.000879127019955659,3.33033217654147
204865_at,3.73799028424487,5.01403586513037,7.5645351012921,3.28248211623696e-06,0.000382664626237219,4.86023736796476
201539_s_at,3.73284456741453,8.15420116043747,7.25085403023665,5.22856613258391e-06,0.00048535119405607,4.4035483799358
205200_at,3.73101246111329,9.49719621278165,7.18285841546903,5.79336415330038e-06,0.000510890621099513,4.30270260267842
215695_s_at,3.72455286196301,8.14081642807526,8.63671561439288,7.31933469676314e-07,0.000188766332332795,6.31932081900718
223278_at,-3.72090336035784,6.97255417108015,-6.25873336007881,2.48232644641387e-05,0.0011347926292448,2.86512314533688
202503_s_at,-3.71357599911679,8.34381513889293,-5.96921705565185,4.01106319005282e-05,0.00149237350454897,2.38875887963619
205382_s_at,3.68824622581479,11.3363336641824,8.95166446185154,4.82916659568298e-07,0.000158437676182916,6.71950240172172
218677_at,-3.67778951987185,8.6343458486157,-4.29703145369501,0.000800544815466773,0.010283639477895,-0.589977936742268
204997_at,3.6720436619639,7.65524779606144,10.2282500343548,9.93309577957443e-08,8.37861579847934e-05,8.22124063224492
204894_s_at,3.66494178084435,9.46208491950127,9.10069543447858,3.98131896190344e-07,0.000153216465020858,6.90459872465498
205478_at,3.6608852064533,8.89141657944831,7.43102699253457,3.99567030726965e-06,0.000428909313798623,4.66756804425399
201650_at,-3.65251612359158,10.7360471784138,-3.95010645396649,0.00155313391065793,0.0160676625478188,-1.24657283451159
229477_at,3.64794221925063,8.41793968867852,6.98719736385811,7.80876204553569e-06,0.000586461627527011,4.00878763418646
205498_at,3.64150260943389,8.87366294953114,9.09642838265132,4.00325718615934e-07,0.000153216465020858,6.89933653181484
228592_at,-3.62877342127815,6.4880099292772,-4.17161151865151,0.0010159547130617,0.0119686068804076,-0.826355350117405
204667_at,-3.60133218804574,6.8273747850484,-10.7361185368889,5.52485373740888e-08,6.4270505977198e-05,8.76909202115597
214063_s_at,3.60041356601753,7.92361646072941,7.26166877436916,5.14423892981568e-06,0.000480788484594312,4.41952675558217
230147_at,-3.57139069563856,7.949825415203,-6.54042316205202,1.57369307479532e-05,0.000881330630631073,3.31667148543438
239345_at,3.56624566800875,6.57795223950557,8.90073169282557,5.16133509903228e-07,0.000164845923577382,6.65562156199418
201287_s_at,-3.54780575020272,9.56148541866012,-7.49839662022801,3.61726467406292e-06,0.000408623855484277,4.76510503489845
237351_at,3.54544073993539,5.69426907386763,17.0682232786452,1.60755166778819e-10,4.39464437181596e-06,13.8392034989152
213693_s_at,-3.53897618579329,10.2606676587575,-7.3986479119642,4.19223670208571e-06,0.000438261073970433,4.62046143299674
216594_x_at,3.52061399320255,9.75803154618448,8.31226129795873,1.13636880034615e-06,0.000238431654109562,5.89390117760308
205597_at,-3.51958291764247,6.88711677530249,-11.0120295007912,4.05457409948396e-08,5.74489846995111e-05,9.05580389462021
229964_at,-3.51802997243501,7.65917172024623,-6.28472958690555,2.37899252975478e-05,0.00110604946058115,2.90728859055793
1553434_at,-3.51499815472719,6.0061291592321,-5.04203445822446,0.000201634738521946,0.00411163922436096,0.781594160970535
209283_at,3.51245508538416,9.78260472134985,11.2356709217611,3.1697191325197e-08,5.41576229907858e-05,9.28277582439809
205943_at,-3.5118459873253,6.23221684576786,-6.28179488087216,2.39042789463521e-05,0.0011085381267106,2.90253357231487
209173_at,-3.49665231065517,9.06403265873553,-3.49357409322341,0.00376706259052828,0.0293730957126546,-2.11905620591267
204913_s_at,-3.48679659347313,6.62111618394255,-3.16003047854319,0.00723264143692939,0.0458739576365034,-2.75552735817059
204942_s_at,-3.48078429577073,7.88332318938576,-6.04243294723007,3.54878219063738e-05,0.00140805273057401,2.5103991741636
205428_s_at,3.47433237607257,8.07657689295688,7.54999627368101,3.35315498093947e-06,0.000390071805495459,4.83937769721457
207847_s_at,-3.46183537718663,9.2009177154069,-7.12693940533832,6.3061224053496e-06,0.000538163941282527,4.21926886519859
206930_at,3.45349558308909,5.15331455695982,7.10073208214315,6.5627382867757e-06,0.000550333919983836,4.1800108425954
217562_at,-3.43944433122297,5.4477863944356,-3.6203798091639,0.00294184142680346,0.0248066174620194,-1.87635443571607
206209_s_at,3.43636253480154,6.56566922563096,12.3528796341542,9.81452390590863e-09,3.74488955120645e-05,10.3482902216263
229309_at,3.42723695889144,5.76373911212085,4.56964224435893,0.000479669469635423,0.00720886355825503,-0.0810592117609126
207802_at,-3.42240242619734,5.71851989320272,-2.84585326884454,0.0133540694391862,0.0702269287075364,-3.34729159521555
1568574_x_at,-3.41236638252439,5.39761297640951,-6.73566528980785,1.15475154218481e-05,0.000734083671045341,3.62274389879905
201131_s_at,-3.40242560259849,9.91465299672145,-3.46673322307057,0.00396978297256569,0.0304201659460447,-2.17041429197448
214091_s_at,3.39630278554265,9.6924579091966,9.19116612886855,3.54504528535944e-07,0.000153216465020858,7.01565302161183
222717_at,3.39354100874415,7.01480182333556,8.83454922586343,5.62966548339641e-07,0.000165731784129136,6.57213603371391
206488_s_at,3.39149428787918,10.2259877017868,5.28331336761546,0.0001309648601683,0.00311925201149136,1.21138225657129
37892_at,-3.39146513080565,7.04063722831647,-4.61626400609976,0.000439811280509999,0.00682756438440779,0.00522588684209691
208650_s_at,-3.38937699788823,9.71835708367615,-4.20453797123849,0.000954201039175118,0.0114939285782991,-0.76417794934484
201348_at,3.38614625021209,10.873064534416,9.23121997269145,3.36840116985519e-07,0.000150956831116256,7.06450688506488
241929_at,3.38360059832277,8.74014095202055,5.06168955088612,0.000194613405815622,0.00400771674688102,0.816893476884585
221796_at,3.37659724022931,6.72958075523011,13.2986695565548,3.89460949360826e-09,2.95997666338019e-05,11.1687916748468
212741_at,3.36900366165731,8.68756867486602,8.98097707330625,4.64836420118098e-07,0.000158236776431672,6.75612246523593
204422_s_at,3.36852470026487,5.73574835754731,12.6128917399025,7.56764937159661e-09,3.55301272376072e-05,10.5809186177256
230003_at,3.36336250924774,6.92492257878229,7.2419227767772,5.29930849866628e-06,0.000486140423094931,4.3903401422273
228766_at,3.36313089106445,9.82030947648128,4.86851715467691,0.000276312050231608,0.00505065185692969,0.467835977307491
219059_s_at,3.3571832223899,8.33672811797758,6.16589004267145,2.89160833369124e-05,0.00125710295080976,2.71371373805691
218186_at,-3.34926539380052,8.88183635394423,-4.91581857228813,0.0002534726579099,0.00479536940180753,0.553741448721975
218039_at,-3.34726804340617,7.38724261500635,-6.60366490186163,1.42275376675224e-05,0.000833752006400629,3.41642994840222
205828_at,-3.3467407011403,7.1763852405841,-8.09961183525942,1.52608921953327e-06,0.000274470158151255,5.60762027994905
209616_s_at,3.34643602171272,8.60156430762535,5.79098281676124,5.42093129374039e-05,0.00178547842460998,2.0893436393849
224327_s_at,3.34567522936619,9.20112983654699,6.82157050641976,1.0093642499894e-05,0.000677972854645828,3.75563213086249
226213_at,-3.33944455300637,9.38770221245778,-4.23426176374835,0.000901766381389625,0.011066756061728,-0.708120804854062
209555_s_at,3.33603226622961,10.1627237146054,4.09476972699407,0.00117653923269222,0.0132279009968018,-0.971771002583047
209614_at,3.33291898005797,7.23474950175276,9.0170578810203,4.43563816539653e-07,0.000154650926705674,6.80105379029723
202454_s_at,-3.32855709426026,8.32959686821868,-4.61752454448925,0.000438782453702768,0.00681740001597011,0.00755556916324451
230323_s_at,-3.32653357768749,5.95276307130761,-7.14789809765742,6.10853442126743e-06,0.000529240492043001,4.25059308271404
228568_at,3.32280235278474,7.66864058597924,8.76756013108781,6.14996342564419e-07,0.000170902485148718,6.48707893123766
223828_s_at,3.31886443401843,7.01972391028761,6.77155392308681,1.0914942042593e-05,0.000706241959974881,3.67839268733295
237395_at,-3.3157060631963,7.38298859025671,-2.68274139086556,0.0183188816748647,0.0873069086099398,-3.6490973382955
225846_at,-3.31221495568598,8.33290877823868,-4.32606443825034,0.000757754283563055,0.00990442635759265,-0.535446400425882
232164_s_at,-3.3106822927467,8.53249456107319,-4.2102419689034,0.000943901330820592,0.0114050398370422,-0.753415169522119
1555854_at,3.30535221788657,5.29654532454389,7.32098169952765,4.70662074459836e-06,0.000461172919732823,4.50686156755406
228434_at,3.30379193719188,8.08359826326926,10.3217191815869,8.90130965418887e-08,7.97834598922584e-05,8.3240773395579
235144_at,-3.28817560428597,7.36157589640214,-6.56169863845322,1.52111452709639e-05,0.000870857976638695,3.3502978528804
222317_at,3.28486270697252,5.28131860870412,5.69785889689883,6.35602118357804e-05,0.00197195959185921,1.93105776432052
229839_at,3.26867028990441,8.32890772923306,6.19197886022311,2.76988897318704e-05,0.00122527248874597,2.7563887756236
239153_at,-3.26282051373477,5.58166623827343,-8.50482687983339,8.73993986052051e-07,0.000206864160984398,6.14802633953868
222513_s_at,3.26031824146209,9.23109713604458,9.40396090410693,2.70712165109814e-07,0.000133344032679091,7.27302430573652
219956_at,-3.26019134846426,8.80161406474135,-6.66521449034731,1.29044001153647e-05,0.000787442049450409,3.51295092878608
211699_x_at,3.25684408570681,11.9893769622845,7.73259076147315,2.57096689013453e-06,0.000338717143899049,5.09921387223296
218585_s_at,-3.25553780713541,6.77089901599927,-5.09432586202284,0.000183511347048438,0.00385310403220942,0.875395258266019
204389_at,3.25441380044859,7.11199499985026,7.94643252086722,1.89348293122477e-06,0.000300948195536961,5.39765943892112
242828_at,3.25282302287944,6.71855089200184,11.7665986862786,1.79484973433328e-08,4.9066704612336e-05,9.80292263284293
211726_s_at,3.2511769244721,8.6618091018871,15.9077709830445,3.98380558848224e-10,7.26048568500889e-06,13.1066424231884
213855_s_at,3.24566125007173,5.70317742219577,5.82534559255488,5.11333257163135e-05,0.00172362181475921,2.14743201227378
239262_at,3.24059981219318,8.00893378305121,7.1113093287461,6.45786515448658e-06,0.00054590951996667,4.19586729766849
217414_x_at,3.22459108090118,11.9947336464988,7.98104464244657,1.80296337452993e-06,0.000291647995569302,5.44537871327536
204914_s_at,-3.21413011837636,6.62280732458872,-3.34872505403282,0.0049997776164292,0.0356917144768595,-2.39602331905882
205242_at,-3.20404211086493,7.16016681589321,-3.13075959382463,0.00765887285535218,0.0477261082022316,-2.81108676034428
229802_at,-3.19436732095979,6.44682233783355,-6.83746923604563,9.84644100635617e-06,0.000669069909546909,3.78010717707082
222587_s_at,-3.18304464005667,7.6112495702118,-8.21826452034054,1.29372799457665e-06,0.000252498914609219,5.76809568000738
224146_s_at,-3.17846970530643,7.20723073255764,-4.72814582684139,0.000357530514465581,0.0059561184882406,0.211314932819742
1569003_at,-3.17689689952384,8.77696502347738,-6.21244793565593,2.67816376213833e-05,0.00120023445651568,2.78980055372694
229778_at,3.17609887011034,5.60418098728538,4.15216242910406,0.00105434455272805,0.012249530051085,-0.863120809989034
210387_at,-3.17483066554268,6.32679713293126,-3.60580005499784,0.00302656818985607,0.0252907864558124,-1.904259179135
226248_s_at,-3.1688400175955,9.72877222220908,-4.1272882483639,0.00110562179001427,0.0126490628518582,-0.910181703587962
205357_s_at,3.1671385002078,7.67837687721774,5.06106006666697,0.000194834285183391,0.00400924521731347,0.815763739154045
229150_at,-3.16691741292975,8.70254159689825,-6.94144674107156,8.3794155673898e-06,0.000611454826544109,3.93926022031485
223484_at,-3.1664943690426,6.83514815033401,-6.74603286690966,1.13608993036173e-05,0.000724804165023661,3.63883931149431
209458_x_at,3.1649565835389,12.0006846599256,7.9258185457821,1.94967206931451e-06,0.000302319110698016,5.3691620014867
231262_at,3.16247196870237,5.64642398131702,8.39799996551172,1.0104849847186e-06,0.000221909689904983,6.00764367885377
234709_at,-3.1611515629015,5.52362673837776,-4.65924431337349,0.000406099585010011,0.00649224994456795,0.084562228125491
203296_s_at,3.15937853804568,6.83877193428235,11.0842966829415,3.74284121340834e-08,5.71194633190263e-05,9.12967123376246
1554044_a_at,3.15596491226861,7.48276949610955,6.54321188439821,1.56669356428622e-05,0.000881330630631073,3.32108294286691
205713_s_at,-3.1551800983986,7.48487450825851,-7.18541688617056,5.77098435501152e-06,0.000510530992755704,4.30650916889375
206224_at,-3.15502149787865,6.1890608392397,-3.24885225901557,0.00607876664782006,0.0407451594484371,-2.58655579476135
238017_at,-3.14445803076403,6.57392865600976,-3.12872021730803,0.0076894851158066,0.047840532397215,-2.81495514964026
227140_at,-3.14444474303214,8.55073747286567,-11.4016309250275,2.64725835573291e-08,5.16256963884238e-05,9.44814849042066
221795_at,3.13885504172159,8.62295172547021,11.4922839334468,2.4013920022735e-08,5.10823814673842e-05,9.53740057809877
229479_at,-3.13185449192453,6.40421186746073,-4.74521584134969,0.000346455062143528,0.00582844016082997,0.242633489629993
215108_x_at,-3.13167636739558,7.02061457497967,-4.54106156617926,0.000505933168204485,0.0074923878579578,-0.134069052577208
228501_at,3.12371998235161,6.81085307747639,6.31431677415809,2.26686588456899e-05,0.00107862241474828,2.9551563825425
227692_at,3.12101930813316,7.95087438630897,9.05859803961986,4.20346954789734e-07,0.000153216465020858,6.85258732474083
201292_at,-3.11969489492782,7.2396381662279,-3.65619941965148,0.00274374224165351,0.0236951677558688,-1.80780597935623
211745_x_at,3.11457658432506,12.2562585930564,7.92381327380246,1.95523154371135e-06,0.000302319110698016,5.36638676546946
207175_at,3.11397282928057,9.68061645576164,3.43816263848433,0.00419766978942688,0.0316693246497744,-2.22506850728851
227450_at,-3.11236519317768,7.18272019349587,-8.00323626855153,1.74734847281181e-06,0.000286824125742307,5.47588870805154
206742_at,3.09571484279364,8.1563060906431,7.63135006277985,2.97738274949398e-06,0.000366177522211778,4.95572000824384
203980_at,3.09226406683459,12.3285144039131,4.39148030371084,0.000669755352453553,0.00911831427123556,-0.412854289645085
201540_at,3.09068270546704,11.4372031262205,6.52021083135087,1.62541971431156e-05,0.000894980106534244,3.28466331127906
205440_s_at,3.08414296348728,6.80311076915429,3.75305048262231,0.00227318137721281,0.0208625304961401,-1.62256466288327
209160_at,3.08307696244418,9.53439968480931,7.1016979518094,6.55308748727603e-06,0.000550333919983836,4.18145945932907
219737_s_at,3.0800822370186,6.45745722133514,7.08763677531908,6.69507635260777e-06,0.000552116590616636,4.16035709362057
204018_x_at,3.07692512546341,11.9750276732275,7.85450790275366,2.15808024692596e-06,0.000314658531258011,5.27013347188051
236038_at,3.07327884408174,6.3345267763073,11.2807448273704,3.01774071059126e-08,5.32241849521217e-05,9.32794529106953
210963_s_at,3.07307324807656,6.82971888679708,7.65392637867066,2.88120070748375e-06,0.000362971540741184,4.98784204617711
209116_x_at,3.06844238356483,12.044240039343,7.24022068477814,5.31290477685314e-06,0.000486571304312304,4.38782165648444
221928_at,3.06623303467135,8.54326682360499,7.47425797565118,3.74829363324158e-06,0.000416540557718462,4.73023107913999
214456_x_at,3.06240972430487,9.69637042867524,6.46641737597052,1.77200349161909e-05,0.000939711841942517,3.19918104021597
222608_s_at,-3.05694121530955,5.59651121372541,-7.24228249713688,5.29643977001999e-06,0.000486140423094931,4.39087234612597
231240_at,-3.05112188225149,7.9002226757492,-5.12689004996927,0.0001730894007515,0.00372857211709238,0.93362862117274
209602_s_at,-3.05107957031888,8.7236509315473,-4.27534052671385,0.000834131416675127,0.0105423336122775,-0.630766581658479
235382_at,3.04880261955002,4.93103896670921,4.87282913441194,0.000274144198587572,0.00502215796168639,0.475678475354735
211006_s_at,3.04683586609775,5.86251085510043,8.52398995771053,8.5165297210115e-07,0.000204147090426753,6.17305311975436
222351_at,3.04272965674042,7.49219763610909,6.49614756384152,1.68934602999621e-05,0.000915577653389101,3.24647783269853
1554485_s_at,3.04068777019772,7.93454492640296,6.08765364383354,3.29150973781614e-05,0.00136026677940361,2.58513261730815
210106_at,3.0305595647775,7.76783853690982,6.5504646764199,1.54864265016877e-05,0.000879127019955659,3.33255068045176
205830_at,-3.02084025175728,5.347812596916,-5.72357325587361,6.0820396007665e-05,0.00191552716112851,1.97489129458879
1556474_a_at,-3.01947914902721,5.54663785327444,-7.37520461569685,4.34092590345719e-06,0.00044529103897096,4.58626213883883
216836_s_at,-3.01500252208981,10.1655993385421,-3.21386713505231,0.00650950596188909,0.0426440496604704,-2.65317266839601
220868_s_at,3.0142507168999,6.03257065578444,8.7212022343899,6.53978715638469e-07,0.000178526218471757,6.42788915443838
201884_at,-3.01385317772192,6.65916027121341,-3.00735285891932,0.0097480916680213,0.0564273518706252,-3.0444815853655
201286_at,-3.01063538581116,9.00724981609513,-6.88203576261037,9.18695073050139e-06,0.000643906689187108,3.84851674322466
232165_at,-3.00796165485304,8.0841171645776,-3.8156661375341,0.00201344898404508,0.0191519351431219,-1.5029299962915
236361_at,3.00006729138874,7.60239044362219,5.81130603943816,5.23673683697605e-05,0.00175385413355875,2.12371977240008
213451_x_at,2.99938330686845,9.87263436281944,5.63955729101898,7.02618911849858e-05,0.00209769849980133,1.83132056402484
222904_s_at,-2.99784644648233,7.42989738514054,-6.1362577141153,3.03670852202207e-05,0.00129107339379126,2.66511990470404
204154_at,2.99071118129262,8.19337380165939,7.63672705644442,2.95417077522947e-06,0.000366177522211778,4.96337694704995
216333_x_at,2.98849406848845,9.79424358983379,5.65736997358959,6.81392215323515e-05,0.00205865925525842,1.86184498917129
206068_s_at,2.9859347744421,5.26250089628308,5.84926886470679,4.91002548693965e-05,0.0016815349150582,2.18777100773099
1552797_s_at,-2.98434102966619,7.91362236905868,-4.79492176590064,0.00031618525373992,0.0054985460395134,0.333635992279279
205609_at,2.98247773300969,6.20935388214924,7.83971678972075,2.20419236345346e-06,0.000314658531258011,5.2495061772538
219230_at,2.98113986166595,7.26484403159347,5.42534109501277,0.000101960226565072,0.00264327898883135,1.46067906075567
209663_s_at,2.98059132889417,7.29758701434586,6.43594046010249,1.86117058849838e-05,0.000967295645685829,3.15056016827624
206262_at,2.98051219566803,6.07375064276837,11.4724461592853,2.45303237232739e-08,5.10823814673842e-05,9.5179339970231
219300_s_at,-2.97724005499719,6.84940692106693,-6.28207842499091,2.3893205189543e-05,0.0011085381267106,2.90299304637229
214858_at,-2.9744544130738,6.34610732901938,-4.41920770544654,0.000635700365594561,0.0087858739860674,-0.361011461518604
206093_x_at,2.97068438855784,9.90017660947845,5.54230052692148,8.31376525587911e-05,0.00231861799556532,1.66385430987613
203434_s_at,2.96949510318304,7.07886411698265,7.92303197030537,1.95740219820937e-06,0.000302319110698016,5.36530531692193
230309_at,2.96662454223216,6.24120727206196,6.67522756688989,1.27017177888431e-05,0.000782575444806892,3.52860031047517
232377_at,-2.96567057670015,5.24739645651422,-3.22928537990714,0.00631603771900169,0.0418276843854673,-2.62382330427044
217232_x_at,2.96551158243521,12.1030802409017,7.06868610633416,6.89160101447997e-06,0.000559644766173113,4.13187147112432
202286_s_at,-2.95964323475759,11.3598459803973,-3.24908622369166,0.00607598416947349,0.0407362887144038,-2.58611004376362
207275_s_at,2.95705106716949,9.62205001294199,6.33423661127505,2.19451716976175e-05,0.00106294766124626,2.9873105580862
204475_at,-2.95674810308971,5.44355443990705,-5.40138668661021,0.000106336989979697,0.00272700512530015,1.41882913948845
208510_s_at,2.95652934965929,7.9554870243482,7.23448052890575,5.35902954512588e-06,0.000488341567299595,4.37932521795498
218313_s_at,-2.95407333379841,9.90848830310686,-8.38622982820625,1.02685233737468e-06,0.000221909689904983,5.99208596010554
216379_x_at,-2.95248541658241,12.2269259807036,-4.48902519909487,0.000557633568299238,0.00800646411417039,-0.230800405902931
205680_at,-2.94802852556031,5.54580514883874,-3.42392310687349,0.00431612381473165,0.0322602965919963,-2.25230163075918
1553243_at,2.94634897984584,7.05720442501958,7.05353465589041,7.05310752992555e-06,0.000562679613898578,4.10905915354524
266_s_at,-2.93189098358612,10.2560529631747,-4.20223451754697,0.00095839304077278,0.0115215786069155,-0.768525017848159
204533_at,-2.92963517100376,8.45863394721046,-3.61686877368515,0.00296202283634032,0.0249151690118318,-1.88307420471785
1558421_a_at,2.92478340216091,7.46722453326958,7.50165733410194,3.59993997166217e-06,0.000407508732817038,4.76980960508895
219298_at,2.92372415312236,9.12924949832408,9.13183076968559,3.825060625668e-07,0.000153216465020858,6.94292884703693
1555740_a_at,2.92083473545269,6.69889547708396,6.90701462476282,8.83785099432517e-06,0.000625546293960885,3.88673200527012
204753_s_at,2.92037667836517,6.61115282962344,8.64407027156116,7.24770488113188e-07,0.000187804864633121,6.32880767717519
204641_at,-2.91910305909874,6.50549049851532,-5.27588510446551,0.000132700939005146,0.00314359785099929,1.1982670915239
205569_at,-2.91808038612286,6.674505708513,-5.46019593564476,9.59250376822515e-05,0.0025385776550228,1.52142898299461
204731_at,2.91543889027063,9.23257137693284,9.71399612498062,1.84250702116176e-07,0.000106041127770546,7.63858356349134
202708_s_at,-2.91465955982278,8.09239048868283,-5.92220640670992,4.340865612552e-05,0.00155680849127518,2.31023890738505
203908_at,2.9078245782771,5.41345258350109,6.69804788747664,1.2252230528053e-05,0.00076471541566358,3.56421075062755
226455_at,-2.90649492832714,9.08732478058415,-6.95960921451983,8.14777349621147e-06,0.000601999345818057,3.96689836075638
204320_at,-2.90575315672148,6.37589771164857,-4.9004073682474,0.000260690442364273,0.00487624014241074,0.525783006165851
201291_s_at,-2.89378475760194,6.0049473349305,-3.06192888439129,0.00876222631082478,0.0524037107355442,-2.94144620689057
213933_at,2.88708227509956,7.24211827644809,6.18727988346912,2.79140823740854e-05,0.00123180181905014,2.74870983546136
204537_s_at,2.88167040349289,6.7013188469801,7.06179261370403,6.96459228833991e-06,0.000560432478689565,4.12149662575571
235849_at,2.87904327130317,9.02878898918898,6.29050603866347,2.35665178025244e-05,0.0011031672610043,2.91664426923388
213909_at,-2.87855279816031,8.53665704472807,-5.8950844430913,4.5439716061646e-05,0.00160249400562235,2.26479023538087
219127_at,-2.87408177541833,8.00187069544989,-5.13207308953379,0.000171488324280409,0.00370907611549136,0.942884365130398
201596_x_at,-2.8730339049642,11.0212279312573,-4.16393358835532,0.00103093557729743,0.0120906054673395,-0.840865931725105
204755_x_at,2.87105892080389,6.5525698833124,8.67602496438633,6.94501976633579e-07,0.00018432959015748,6.36994687896937
208651_x_at,-2.8676923884748,10.3902635455062,-4.16041355546844,0.00103787933269468,0.0121381930513543,-0.847519933483182
219010_at,-2.8675290701197,7.90046182269748,-4.43839702753771,0.000613181479761792,0.0085743471626537,-0.32517549729767
238066_at,2.86519421142123,9.31998375782168,7.76707160510013,2.44632255620648e-06,0.000330219885413068,5.14776122609941
202859_x_at,-2.86372004550828,6.8511373805533,-4.47615313105423,0.00057124477344469,0.00816543999688587,-0.254770919934921
238617_at,-2.8598758912813,6.42280738712413,-6.29934242735307,2.32290252559223e-05,0.0010924249006037,2.93094630501513
209763_at,2.85930420101221,9.66660921974159,8.16455496128327,1.39388417810914e-06,0.000260995265199032,5.69568658547066
229024_at,2.85339495343531,6.7144859416679,7.79612532995661,2.34626541815758e-06,0.000323944600347893,5.18854017709319
202525_at,-2.84724412399518,7.82150120165832,-5.12836226105427,0.000172633048025258,0.0037211798988456,0.936258020553581
229490_s_at,-2.84417095035027,6.0165238729078,-6.1151470848158,3.14473463801169e-05,0.00132321671757562,2.63042133063445
210096_at,2.8428866065211,6.52308987512649,4.56059052503784,0.000487831384032563,0.00729345937161072,-0.0978385427739035
224461_s_at,2.84120541785127,7.86294679939278,7.58371475482419,3.19165306081214e-06,0.000376085411853241,4.88771016089076
228268_at,2.83778131329464,8.56309564435823,13.1869128300954,4.33101295053342e-09,2.95997666338019e-05,11.0754501890498
216331_at,2.83594415191798,8.50871130571132,7.86679837612192,2.12054157546095e-06,0.000314602119719355,5.28725066519075
209771_x_at,-2.83503252563771,12.0943567875632,-4.35427773628869,0.000718425228841681,0.00953627079070622,-0.482525795617328
238062_at,2.83284047964908,7.28810691927266,10.1168229989998,1.13322567783546e-07,8.62031138118885e-05,8.09743340473202
210375_at,2.82313505622247,6.19044420520601,6.45971112277281,1.79123065921459e-05,0.000944412114682329,3.18849415274954
208083_s_at,-2.82182730535072,6.06707136344327,-5.07293547556147,0.000190710937283576,0.00395358182023206,0.837067896986374
227177_at,-2.81818296164557,7.29569568259887,-9.79873109089629,1.66130852918287e-07,0.000100924493147859,7.73659325802979
203680_at,2.8144363723728,9.95243510881925,7.01084145166971,7.53006668004006e-06,0.000578128859930347,4.04460006447956
223423_at,-2.81092422004461,9.01688663431841,-8.85709524094488,5.46524337092282e-07,0.000165089602931053,6.60063749449692
225687_at,-2.81017181532005,5.95292060957493,-5.53295512503737,8.4498640098972e-05,0.00233922184679053,1.64769126311135
231050_at,2.80679542837061,7.00967144665893,6.7572396288212,1.11627499750273e-05,0.000718747656241116,3.65621973094494
217028_at,-2.80494164673527,9.9379265688082,-5.92441299281647,4.32476574747162e-05,0.00155618463594011,2.31393175721346
206030_at,2.80463159540832,6.2537787537568,5.7121173320194,6.20254005238348e-05,0.00194006794830702,1.95537499925924
202464_s_at,2.80404216130937,9.54548194956055,9.27680442512959,3.17868902320864e-07,0.000148336187674465,7.11987432637949
204719_at,2.80273362858479,9.22715188402716,9.11662288970025,3.90055328207781e-07,0.000153216465020858,6.92422130381396
209581_at,2.79530969100988,9.76731568833065,7.84054927832806,2.20156950651967e-06,0.000314658531258011,5.25066793958015
232313_at,2.79367026805653,7.58549779718485,8.07848692186242,1.57190918204166e-06,0.000276347699447356,5.5788523039274
209016_s_at,-2.79328727749722,9.48744122059118,-3.5152623002759,0.00361091014485798,0.0285711305600738,-2.07755066312865
229985_at,2.79323072680588,7.85309355213425,10.2548060645219,9.62758113562696e-08,8.35536505699054e-05,8.25055202665634
237154_at,2.7915288770479,7.0011398516778,7.048726476227,7.10519197304016e-06,0.000563009233515899,4.10181289935061
204653_at,-2.7900424665405,9.38014874658571,-3.69303879419106,0.00255408887192433,0.0225743305969064,-1.73732373705752
204170_s_at,-2.78878574220706,7.84155970717443,-6.99564938089368,7.70790671039341e-06,0.000581282481918289,4.02159880056572
214290_s_at,-2.78849559334906,10.4987323823929,-4.81051456375153,0.000307265323023134,0.00540260906869067,0.362123483906851
236936_at,2.7864328635411,5.71543534757493,10.654613752102,6.06106200924047e-08,6.62777130710445e-05,8.68294991738392
214414_x_at,2.78527327152057,12.6556500640185,7.44907387218572,3.89036468771532e-06,0.000422035097819118,4.69375902113432
213071_at,2.78408820010273,9.45434430228068,5.68302029171733,6.51997701252884e-05,0.00199865999383126,1.9057198015251
223727_at,2.78030054276364,7.73551962489815,6.34510535831129,2.15607009670157e-05,0.00105065180514401,3.00482980460905
227657_at,2.77703940801287,7.41017496713109,8.86931508162155,5.37826643195562e-07,0.000165089602931053,6.61605883006175
209218_at,-2.77298582720919,8.3320210578025,-6.28520776577151,2.3771347175155e-05,0.00110604946058115,2.90806324857487
205792_at,2.76711677681435,8.87282106489266,5.23606538599654,0.000142425402109471,0.00330242106036273,1.12783411198052
219918_s_at,-2.76526227598314,5.77835221944955,-6.01479239080141,3.71636133658229e-05,0.00144415107375719,2.46457040510276
225207_at,2.76406555780508,9.82962735355798,5.25770920585259,0.000137050859062719,0.00321113636463925,1.16614439196138
1553583_a_at,2.76362902098721,6.97733200231032,7.30990214112913,4.78527527840871e-06,0.000463070665215922,4.49058577512673
238919_at,2.76134183431431,4.83416321199493,6.41858533114722,1.91404669560059e-05,0.000980985998194809,3.12281132552075
211696_x_at,2.75159007673509,12.2660490880489,7.07837452588081,6.79037869616393e-06,0.000557334016726298,4.1464410857068
209911_x_at,-2.74853060267662,8.54547010977466,-5.35195912513847,0.000115999604974494,0.0028789280081618,1.3322229871495
239398_at,2.74696566013502,5.20801627569022,6.79397691613601,1.05383520418422e-05,0.000695874876675991,3.71306547615261
205890_s_at,-2.74669979783191,7.95015541757218,-3.90149417094987,0.00170570469765521,0.0171055400484773,-1.33917626039046
208609_s_at,2.7453603127751,8.58196346583485,6.14660445727558,2.98519328051807e-05,0.0012762292310316,2.68210224693582
216834_at,-2.74521002445442,8.77571083299174,-4.93480121846445,0.000244866541422822,0.00467951001478253,0.588138517635426
222083_at,2.74428107396571,6.69695689990497,7.06838511648511,6.89477109677792e-06,0.000559644766173113,4.1314186192811
205220_at,2.74399078154742,6.88510093267467,6.00618813166033,3.77020692092346e-05,0.00145277055913258,2.45028127593472
242736_at,2.74326803152374,7.01677872364849,10.153427833308,1.08507774893509e-07,8.62031138118885e-05,8.13825169692211
235368_at,2.74181017256395,8.83942419514415,6.07033633315822,3.38763809477972e-05,0.00137415486246445,2.55654912671641
236044_at,-2.73773322631411,6.67809588032669,-4.3025605858009,0.000792208068010221,0.0101991093183866,-0.5795871317246
243584_at,2.73010819855822,8.3649464072789,6.90656358360619,8.84402899372226e-06,0.000625546293960885,3.88604276518613
203065_s_at,2.7200363920566,10.6901661366796,9.11446403332918,3.9113976988024e-07,0.000153216465020858,6.92156339053903
203435_s_at,2.71966238169719,8.46296747500163,10.0502219178413,1.22676347249265e-07,8.87522475709333e-05,8.02279603039458
223764_x_at,2.7182297653061,5.43457469096779,6.50534939337594,1.66459332694615e-05,0.000910116401507805,3.2610901559856
219902_at,2.71623316864912,7.92022205696264,7.95792656730949,1.86290026163912e-06,0.00029781892340678,5.41352413572998
202988_s_at,-2.71376779648712,6.70725397196908,-6.67959044862059,1.26144575776759e-05,0.000779316913061503,3.53541440305184
224917_at,-2.70808020184045,9.54791619910655,-6.25565195526021,2.49488417108906e-05,0.00113862931597908,2.8601185048124
203397_s_at,-2.70735307437471,8.06927453286826,-3.62793328301275,0.00289889492743909,0.0245876830324455,-1.86189818270821
229152_at,-2.70504588527363,6.97280462650058,-4.22511067659445,0.000917586340181374,0.0111918817009347,-0.725371685414672
242350_s_at,-2.70461396331263,7.10012333891808,-3.66266153317406,0.00270947014908195,0.0235143302223897,-1.79544095600124
201688_s_at,-2.70080115128768,7.29742868853713,-5.02023549459725,0.00020973101350327,0.00422358864209625,0.742386220978295
1555230_a_at,2.69909777530554,4.88682077220141,5.72781402283729,6.03805667319175e-05,0.00191158511063555,1.98211102819674
206159_at,2.69143986543023,5.77309704719539,5.75894495616038,5.72521177480417e-05,0.00185112923588065,2.03503016035122
221577_x_at,-2.68997416432765,6.44320071348049,-4.10401559214959,0.00115591359921463,0.0130631616447002,-0.954252158886045
217388_s_at,-2.68276308654515,7.80200785341419,-4.81548771844553,0.000304475628297813,0.00537874151120611,0.371203167117701
219935_at,2.68004598755408,9.25604852382625,6.20118983015054,2.72821108635692e-05,0.00121272309875256,2.77143158525743
210715_s_at,-2.67831928392811,9.40146939377935,-4.79192264386945,0.000317931486739003,0.0055183822341127,0.328153390019367
231856_at,-2.67512317846737,6.43417269008438,-6.29912860966065,2.32371314019588e-05,0.0010924249006037,2.93060036975869
226961_at,-2.67356820511101,6.72001922357777,-6.07840394206894,3.34249308817772e-05,0.00136699095073756,2.56987083032887
203917_at,-2.67130413899679,8.97962674227499,-3.67287922887932,0.00265616371871778,0.0231991535003115,-1.77589098411074
203323_at,2.67019209586092,9.65664401090055,9.19937967273154,3.50803522973384e-07,0.000153216465020858,7.02568671557276
220192_x_at,-2.669225067602,9.30600880809435,-7.3384578077115,4.58532299151824e-06,0.000454994780884504,4.53249822810577
237390_at,2.66467365026354,4.40148574096213,6.67794406385932,1.26473117704984e-05,0.000780464752880364,3.53284335521287
226304_at,2.66411545002989,7.16132843081281,5.38386542783887,0.000109662309161172,0.00278355930983615,1.38816758244883
223623_at,2.66231424676088,9.12759810427442,6.19472241293368,2.75740538713963e-05,0.00122073797199886,2.76087069982953
206955_at,2.65848260743311,7.73148138871202,7.82011723117158,2.26690934990777e-06,0.000318067838181159,5.22212696636521
215918_s_at,2.65306630426582,6.34634746744121,7.35450418921841,4.47685775373323e-06,0.000452443988327846,4.55599919161622
220622_at,-2.65185827426655,5.07463453546014,-3.25113021354296,0.00605172967979728,0.0406284774365074,-2.58221568725416
211695_x_at,-2.6502657901924,6.94651973297493,-5.8479527540372,4.92098687761644e-05,0.00168205826386724,2.18555398400596
204404_at,-2.64680903775138,8.77993951338696,-3.84683454775654,0.00189563164329267,0.0183765354781963,-1.44342861562965
204026_s_at,-2.64048826382951,7.72451144671219,-5.55118476699377,8.18650704200105e-05,0.00229654834541512,1.67920823150469
201963_at,2.6371620121857,10.3614161902517,6.78645614132072,1.06631109769204e-05,0.000699047473217174,3.70144430629347
225655_at,-2.63443891955884,7.3309900168583,-7.04986131991579,7.09286230152219e-06,0.000562847962751416,4.1035234887505
204754_at,2.63440185157529,6.75557284529438,7.85208155374243,2.16557388990106e-06,0.000314658531258011,5.2667518035557
228770_at,2.62915365060361,7.07277926377047,9.47779743693145,2.46795286585133e-07,0.00012850983137183,7.36108707507365
203535_at,-2.62897991169271,9.6988143696378,-2.74385626170346,0.016277031268438,0.0804289818890055,-3.53656439924189
218542_at,-2.62635857031298,5.22351133389693,-5.63902701143223,7.03261335187166e-05,0.00209769849980133,1.83041115775282
1562321_at,2.62218763633255,6.66726751528547,3.46334837189778,0.0039961169360665,0.0305449033244004,-2.17689016053153
205780_at,-2.61461173677698,7.68492836900286,-9.12163230394376,3.87551283229472e-07,0.000153216465020858,6.93038656792614
213515_x_at,2.61200793738953,8.54090321655359,4.9281905980287,0.000247828602561636,0.00471961993906565,0.576164990687719
223704_s_at,2.60990734343016,5.13594088692207,5.28329375333093,0.000130969412947147,0.00311925201149136,1.21134763599141
225571_at,2.60920771184229,6.09598985318782,8.05238953994462,1.63053747849921e-06,0.000277724724725683,5.54323017366929
203213_at,-2.60534060822312,7.4861598482465,-6.77642401896339,1.08319597509357e-05,0.000704116569616179,3.68592962930279
1566472_s_at,2.60518514678839,7.11383402232791,5.84211516966577,4.96991610358778e-05,0.00169513514013513,2.17571735763434
203755_at,-2.60336610652593,6.58476130206761,-6.6510546257528,1.31968593335482e-05,0.000799082545846087,3.49079527462098
236534_at,-2.60292856946073,6.68795157345203,-5.01041528264322,0.000213488084195845,0.00427876136488557,0.724703485181728
219064_at,2.60278042674453,8.97490616197854,6.01726153014365,3.70105895361959e-05,0.0014432718340911,2.46866889565126
242181_at,2.60115936297045,7.54839850595021,5.94612787080543,4.16962938550246e-05,0.00152766079753749,2.3502346341863
200644_at,-2.60081877596751,10.5213404187314,-6.85357677421368,9.6024971935153e-06,0.000657915456209836,3.80486583844761
221872_at,-2.59942381200478,9.4482892548591,-4.45314026720489,0.000596440035490363,0.0083954180989837,-0.29766680760645
218211_s_at,-2.59555938416529,10.5104400623949,-9.52653344779259,2.32247782861182e-07,0.000122445737777805,7.41886720756345
209803_s_at,-2.59480029113361,7.84637431581609,-6.32139740628858,2.24086579065438e-05,0.00107097322643381,2.96659253945116
219288_at,-2.59375369414402,9.48931371510407,-6.47320847315836,1.75275438408925e-05,0.000934944838537362,3.20999633211359
218806_s_at,-2.59248519122879,7.33131170337523,-5.09743368504489,0.000182489093217419,0.00384049358577558,0.880958883861979
239710_at,2.59204509831057,4.536922303364,11.0551393970073,3.86542321500498e-08,5.71194633190263e-05,9.09992896680473
219689_at,2.59188145066638,8.30987951835577,7.30063571057519,4.85212551090014e-06,0.00046511260246938,4.47695998662646
227646_at,2.59075389460695,10.0185312391115,8.08620812737411,1.55499497740905e-06,0.000276036851915064,5.58937399859347
229357_at,2.58758011464529,7.73858776975243,6.0061530956439,3.77042784345521e-05,0.00145277055913258,2.45022306912199
227419_x_at,2.58298525070904,8.91007424054489,5.46444823112881,9.52147163145718e-05,0.00252344382670829,1.52882878181898
219429_at,-2.57891774774727,6.41903486600807,-4.30545613825391,0.000787877887255463,0.0101747512900168,-0.574146622168543
209220_at,2.5784075195426,7.4682528715262,8.26221099111379,1.21745943434368e-06,0.000244722774164488,5.82705858413011
203851_at,2.57811927518454,9.50676055995675,5.5052419682216,8.86732440237731e-05,0.00240644038796866,1.59968782186253
204039_at,2.57805738835463,9.22219055995097,5.77745139044989,5.54732569794861e-05,0.00181028611691628,2.06642219508828
209772_s_at,-2.57713610789147,9.54698069010461,-4.23371456857569,0.000902704420203628,0.0110679388938126,-0.709152143398142
214243_s_at,-2.57117212649379,8.08228660233002,-4.03255518337694,0.00132549408279601,0.0143820974353784,-1.08979933310312
206101_at,2.57017772492046,9.00844323465484,6.43656830302346,1.85928679507686e-05,0.000967295645685829,3.15156317842099
232204_at,2.56763307918495,8.77358194212259,8.09182571283341,1.54281033019136e-06,0.000274765976557696,5.59702406800851
202311_s_at,-2.56401041974579,8.69206938132053,-3.50409849330467,0.00369045472645966,0.0290024648723971,-2.09891588905441
226863_at,-2.5638950912672,6.82645259346215,-6.10466013662445,3.19989169205396e-05,0.00133961775086562,2.61315986084412
207165_at,-2.56033265311981,5.95730660982182,-6.29671723201577,2.33287565769501e-05,0.00109484958441609,2.92669853610823
201689_s_at,-2.55800075212995,8.4846205465393,-4.69954451091321,0.0003769172504081,0.00616266467286569,0.158764683898102
222725_s_at,2.55700895474722,5.98624145595279,7.39042344104418,4.24377749139915e-06,0.000440357855059834,4.60847239239156
231697_s_at,-2.55203365681104,6.98442372284822,-6.50780776652606,1.65804522192067e-05,0.000909384056660145,3.2649918784754
218736_s_at,2.54691488192714,8.82398943229377,7.99351186625616,1.77149181111245e-06,0.000289123327679323,5.46252737738116
206392_s_at,-2.54425863994789,8.73962559556114,-4.16280036710895,0.0010331657954325,0.0121061135872322,-0.843007986704965
200606_at,-2.5434441161629,10.7016799653647,-3.34378171286213,0.00504835738689601,0.0359119456712935,-2.40546452675247
217504_at,2.54235048492096,6.70184922441262,9.45298333359235,2.54571945635509e-07,0.000130203386710544,7.3315626284952
1566764_at,-2.54188642269649,5.98245917013934,-4.33994974814304,0.000738128551413035,0.00973870138718815,-0.50939236751461
203324_s_at,2.54031779841698,10.067062966625,7.84472645164367,2.18845864230026e-06,0.000314658531258011,5.25649587432727
222746_s_at,-2.53425339653936,7.44089626247022,-6.80387776680841,1.03764540505607e-05,0.000690732069973444,3.72835168061864
206166_s_at,-2.53323109418588,6.606165377511,-4.45429720150309,0.000595146413470064,0.00838286554816297,-0.295509039511108
207057_at,2.53311949432397,8.38984691693045,8.03223921643261,1.67739024440291e-06,0.000282188651116089,5.51566298137415
230867_at,2.53272685476262,6.81056262868127,3.60621324368869,0.00302413334971981,0.0252781670839215,-1.90346834296013
226777_at,-2.53212424986686,8.36826094586456,-4.46323159213466,0.000585253443809788,0.00828338908628014,-0.278850172689966
205009_at,-2.52444197056422,8.5376397184301,-2.41294366229323,0.0307068354189007,0.124584166409053,-4.13614642304873
227629_at,-2.52109045199727,7.84143132390266,-7.3796799166227,4.31211629551841e-06,0.000443798706750103,4.59279678100156
203571_s_at,2.52022144226747,11.4214459026206,5.05224438590257,0.000197955168382104,0.00405211487506234,0.799936799353709
229292_at,-2.51951217058982,6.646023571223,-5.87489585941742,4.70161414380247e-05,0.00163475316381499,2.23088975689515
219797_at,-2.51797624302856,6.37845929181841,-5.99748917511767,3.82547830119401e-05,0.00146056512677791,2.43582376762857
200671_s_at,2.51643356143615,5.97525684859249,7.79378597615748,2.35415906492598e-06,0.000324215735201078,5.18526103081788
242197_x_at,2.5113150467101,5.66724265504554,6.16402294633978,2.90053227272019e-05,0.00125710295080976,2.71065574507409
213764_s_at,2.50627479288149,9.22148528734117,3.54052102664528,0.00343726590853657,0.0276696869183211,-2.02920695760423
229011_at,2.50591737136334,6.9785273941233,6.9372385630825,8.43407177198289e-06,0.00061235236483372,3.93284969198127
218280_x_at,-2.50584333308397,9.45421344015416,-4.55842168110861,0.000489808256613402,0.00731102004650226,-0.101860250422249
228051_at,-2.50578665890742,7.47232824157628,-5.46627187233216,9.49117737287545e-05,0.00251907826632022,1.53200148147088
233932_at,2.50561984895522,5.70235416662182,5.52101082907694,8.62721068148615e-05,0.00236912478156833,1.62701528856146
221747_at,2.50058963154878,9.36006374887746,7.09692410055305,6.60093350062097e-06,0.0005503380291395,4.1742982942791
204419_x_at,2.50004837666024,7.87297045603523,4.86326243705388,0.000278977942574723,0.00507945830129349,0.458275787865108
230748_at,-2.49790951926545,6.35498785393242,-3.2046372241436,0.00662814455343858,0.0432039277389099,-2.67073491227055
238673_at,-2.49740895330971,7.05878183009515,-5.43144191970245,0.000100875880759145,0.00262138250024062,1.47132475928326
230463_at,2.49709397503378,5.98686480037979,7.08779677591416,6.69344252192837e-06,0.000552116590616636,4.16059737624997
209395_at,-2.49702965953901,8.68349641537683,-3.34550775054911,0.0050313414585376,0.0358421621166832,-2.40216810275722
213790_at,-2.49485676461593,8.71553702226468,-4.09072016046441,0.00118569140041072,0.0133007134422356,-0.979445842160444
1555758_a_at,-2.49389350716528,6.14929194371424,-7.77460905417963,2.41993782770519e-06,0.000328312905036677,5.1583517366253
201690_s_at,-2.49302261404813,9.7681991250271,-5.1020361709112,0.000180986077973794,0.0038244226901837,0.889195927533897
235129_at,2.4929911654467,6.51202816980256,4.65302788222997,0.000410805120553163,0.00654070179564479,0.0731000769083785
206164_at,-2.49175836111977,6.80087404492594,-4.8582075049911,0.000281567677627664,0.00510929462452504,0.449075903928465
227803_at,-2.48969678803123,6.93487601176506,-4.13973800032161,0.00107964486780365,0.0124534985542542,-0.886621747961997
214040_s_at,2.48893509725144,7.44871798295415,6.3751349498195,2.05348275391015e-05,0.00102238568256092,3.05314305348633
228708_at,-2.48589403485763,9.35724378238689,-4.99600258873014,0.000219129381806361,0.00435986133561237,0.698728964558345
207302_at,2.48364047547002,5.60636963215991,5.08086604771413,0.00018800796386634,0.00392041778199547,0.851284894705835
226625_at,2.48080584692598,9.96191415823729,8.59061636932767,7.78578624411635e-07,0.00019523917349769,6.25970038353759
218009_s_at,-2.47683178306064,6.77063176414718,-6.09204282988995,3.26760340044436e-05,0.00135606891897951,2.59237023731755
204798_at,-2.4766732176907,8.01605960612283,-4.84236607926617,0.00028984635893719,0.00521330122252809,0.420224697297577
236383_at,2.47655569851942,6.03678337108871,6.40196945509821,1.96615373456424e-05,0.000997212017043596,3.09620256118601
214455_at,-2.47295296584271,5.50254786056847,-3.55439133175197,0.00334552630109298,0.0271389689187328,-2.00265857261324
210832_x_at,2.4687742408719,7.00149921573032,6.32960659641515,2.21111383423944e-05,0.00106548684236933,2.97984214466711
213486_at,2.46692124476145,6.32150270772253,9.74591238264329,1.77190189180189e-07,0.000103062485036456,7.67559441116199
205034_at,-2.46688599462065,5.44346315414027,-5.8362165288511,5.01987545251547e-05,0.00170729458085849,2.16577277856296
211597_s_at,-2.46243334454327,8.4931037144157,-9.38004034169402,2.78979867833877e-07,0.000135818974040383,7.24435875255634
214434_at,2.46073355104562,7.03127929629083,5.68862306678796,6.45755604093265e-05,0.00198497127960465,1.9152906792754
214279_s_at,2.45846584320959,6.87991704177409,5.99581847556888,3.83619059606448e-05,0.00146061086935812,2.43304581624572
214582_at,2.45576693986823,6.85523704179032,5.69069179001458,6.43466668527593e-05,0.00198035878244321,1.91882340425411
1555778_a_at,-2.45560467007417,10.2703515693559,-4.62052921845586,0.000436340124422211,0.00678716822269826,0.0131080030686217
202095_s_at,-2.45415147024413,6.11631002926362,-7.15813818982685,6.01438480885968e-06,0.000523407440713701,4.26587454002057
244444_at,2.45261208840626,4.81255734214224,5.17961264111367,0.000157503100144663,0.00351632584745181,1.02761291111114
210869_s_at,2.45134561680993,7.74387639080219,6.8322106102447,9.92749016462257e-06,0.000670105586112023,3.77201597648765
218865_at,2.45021140086765,8.74288495749583,6.68157538806381,1.2574966990721e-05,0.000777756018345781,3.53851361676293
202489_s_at,-2.44822381188258,9.55031200166034,-4.65223037701091,0.000411412864267005,0.00654210931413969,0.0716292882018008
233011_at,2.44745570832946,4.83383529724016,3.63456402861564,0.00286171847445287,0.0243676152609735,-1.84920831866275
218959_at,-2.4455323089375,7.75539665285656,-7.74658059032286,2.51960297951456e-06,0.000334367215788735,5.11893066670406
207828_s_at,-2.4449895039727,7.22749185126571,-6.97587475632229,7.94605998150202e-06,0.000592702359466061,3.99160904912533
219121_s_at,-2.44402641873839,7.67279063604974,-5.30447827992194,0.000126147071754074,0.00304376999615648,1.24870909132699
215145_s_at,-2.44281927767381,6.63193874033243,-5.2934820235395,0.000128626642743129,0.00308585418691558,1.22932355209938
239461_at,2.44198200161946,6.2116804498913,6.86481944611223,9.43601445157622e-06,0.000650585233467755,3.82212423484145
238009_at,2.44177214234912,5.70972022035189,8.29258868943691,1.16753667087119e-06,0.000241799498029857,5.86766750796293
228885_at,2.44163863350669,7.82596057660765,6.12751769509915,3.08095175292391e-05,0.0013017854489267,2.65076234886078
223430_at,2.43985506011927,7.93432865314895,7.65102142489265,2.89339010294565e-06,0.000363669204318514,4.98371279935687
228729_at,-2.43969092638233,5.83125048952338,-5.54981186240613,8.20603873337999e-05,0.0022993226535626,1.67683628542049
208016_s_at,2.43767568925541,6.47598428919373,5.21713466319151,0.000147306371498381,0.00337692908246288,1.09427405229787
218807_at,-2.43513032401982,9.08651193990395,-4.98469830783132,0.000223662358899372,0.00441826047671725,0.678337884880874
219148_at,-2.43375982378699,5.69027609909975,-5.07056576898854,0.000191526427251246,0.00396355314533002,0.832818174272777
212097_at,2.43258272639123,11.4051142545994,7.31662563776411,4.73738040098521e-06,0.000461704587208318,4.50046463524502
228728_at,2.4321118337762,9.4547029777295,8.57428514808981,7.95851975341259e-07,0.000196892338243364,6.23851421398208
203881_s_at,2.42750556105308,7.93756326297601,11.0691857380336,3.80584398951577e-08,5.71194633190263e-05,9.11426733349165
217418_x_at,-2.42672989376097,5.94795027717444,-3.59435178497966,0.00309482568115348,0.0256950610316363,-1.92617131770788
202884_s_at,2.42458764595027,7.29627409668669,5.99042634342274,3.87097952523389e-05,0.00146590394056186,2.42407725145344
210559_s_at,-2.42425963477339,6.30012513512183,-6.15824096056661,2.92835180349225e-05,0.00126413939393908,2.70118253473211
214767_s_at,2.42352321428173,6.86523010017664,5.74497840198811,5.86341195956227e-05,0.00187474882391267,2.0113059986776
209603_at,-2.42347309437205,7.99294484436732,-3.69221449296025,0.0025581834945181,0.0226032130838359,-1.73890056692127
226018_at,2.422982635014,7.05122730797993,7.92692953696989,1.94659913912871e-06,0.000302319110698016,5.37069934443548
226834_at,2.42251019961075,8.51914703202452,5.75755557118021,5.73880570134437e-05,0.00185208831214829,2.03267136563743
1553986_at,-2.42169929419091,8.10551376613951,-4.3158972853273,0.000772464797725893,0.0100389504198654,-0.554534598803211
204607_at,-2.41584109476485,8.5262669200427,-2.71196862685025,0.0173130317973589,0.0840516794104596,-3.5953679728535
32625_at,2.41486781286473,8.06389785971565,6.9903742341012,7.77069095122496e-06,0.000584432454660111,4.01360420410431
241925_x_at,2.41380028207729,5.86088949214817,5.81799808572035,5.17753054275115e-05,0.00173882974462481,2.13502596410104
203358_s_at,-2.41078557801151,5.9929436713744,-6.81534942660077,1.01921456907978e-05,0.000681241522792625,3.74604508495456
204159_at,2.40782748121302,8.91677553150427,9.13035257889392,3.83232981219575e-07,0.000153216465020858,6.94111171360535
203362_s_at,-2.40738964937934,7.18979065135314,-5.15750694998182,0.000163852205120257,0.00360652951487523,0.988251914985787
209008_x_at,-2.40393053200202,9.57478884232368,-5.19056746157048,0.000154452216558218,0.0034694638210027,1.04709465167434
1556427_s_at,2.40352386115667,7.84996752871954,5.47664735920055,9.32072637075397e-05,0.00249139471142073,1.55004341782078
235763_at,-2.40327992012673,4.99871395910938,-3.03536799463334,0.00922901506477354,0.054415658219184,-2.99162999465776
221748_s_at,2.40185787304384,11.6155087033859,8.29701823825981,1.1604405398808e-06,0.000241243674973319,5.87357879737603
215768_at,2.39880431634667,5.130440998351,6.54090020770348,1.57249338986315e-05,0.000881330630631073,3.3174262018182
227006_at,2.39675549979035,7.21856054843608,9.9833474967606,1.32900457383396e-07,9.08291563429649e-05,7.94736860092999
1560049_at,2.39435640650877,7.14082692471441,6.41068985308828,1.93862310831857e-05,0.000987830554029059,3.11017257071841
229487_at,2.39366976426488,7.06081670944024,7.6782023072046,2.78143800926686e-06,0.000357823819192154,5.02230316863345
218711_s_at,2.39243445007522,6.18557607280773,10.3633615710758,8.47897170051058e-08,7.80169400666112e-05,8.36959710959411
34210_at,-2.39209205312168,8.87587451676132,-4.65414610235291,0.000409954538424248,0.00653096281711707,0.0751622210619978
219874_at,-2.39021218100093,6.92261687189191,-12.4069070257703,9.29486109648765e-09,3.74488955120645e-05,10.3970834041531
227190_at,2.38613292640462,8.17716499794915,5.74352385635794,5.87800440918667e-05,0.00187779011830912,2.00883361618786
209576_at,2.38538761065354,7.59459922012411,7.23476445310611,5.35673816302575e-06,0.000488341567299595,4.37974558683766
1560850_at,-2.38516816960148,6.20776766286118,-3.30873926448751,0.00540658487226654,0.0375815277327901,-2.47236275964944
226960_at,-2.38359495610485,8.06221295054522,-2.59137012795259,0.0218435118766347,0.0985635067966494,-3.81594866901392
209604_s_at,-2.38056872415958,11.2221689078415,-3.65908603958843,0.00272837893711236,0.0236221881847377,-1.80228246461253
209184_s_at,2.38027786995759,8.99245391593316,6.59815337936032,1.43528011585206e-05,0.00083839679844243,3.40775954452584
204570_at,2.37576301882942,9.41772636895822,6.98182951727051,7.8735376273932e-06,0.000589706396955785,4.00064590248161
225301_s_at,-2.37525134122566,8.99706704889839,-5.69729180902866,6.3622070782618e-05,0.00197195959185921,1.93009000773793
210831_s_at,2.37421943351867,6.95831748405678,7.30318941200151,4.8336045057786e-06,0.000465100293426922,4.48071629249376
1558420_at,2.3712438240605,6.78131225077632,6.70078690120311,1.21994188804253e-05,0.000762456619936163,3.56847973505757
203936_s_at,-2.37016631968579,8.59967430441039,-3.94029599718213,0.00158276008373668,0.0162450549236536,-1.26525174001123
208180_s_at,-2.3689086368446,5.80929200992527,-3.98425482014427,0.0014543567168051,0.0153507930700263,-1.18159457935419
236293_at,-2.36509278019175,6.57258079720784,-5.80014404423662,5.33707418641401e-05,0.00176923497530214,2.10484705345172
222161_at,2.36470271413387,4.57944877796412,5.12626355026375,0.000173283982616035,0.00372857211709238,0.932509592876452
205980_s_at,-2.3635178830784,7.34029230479927,-5.85334786608684,4.87621534799158e-05,0.00167448408870497,2.1946405826126
218883_s_at,-2.36294381694813,7.74436334810547,-4.72237762672086,0.00036135546878045,0.00599972980734015,0.20072434967086
238439_at,-2.36271998538284,5.89402342124929,-4.60649836176156,0.00044786683671353,0.0068880886005249,-0.0128284791001114
213221_s_at,2.36185748497352,6.91698702479689,8.4411032286916,9.52870502120024e-07,0.000217075811264218,6.06446384735544
210072_at,-2.36145009755266,9.10647220172204,-4.70429194442957,0.000373625456215993,0.00612627037241227,0.167493785091107
218355_at,-2.36082824913771,5.8609573356218,-6.35577928755875,2.11900138069562e-05,0.00104103836370432,3.02201794858758
219450_at,2.36046795462523,5.67399347452451,11.1716134962032,3.39991393547233e-08,5.63303922490756e-05,9.21825238886058
205960_at,2.35935718693438,6.1080253608061,6.4979502658159,1.68446644792165e-05,0.000915577653389101,3.24934147684243
204848_x_at,2.35856715544645,7.8813976979021,4.59031525050579,0.000461553676453733,0.00704900761455526,-0.0427699160822819
223551_at,-2.35774672442575,7.5294409944856,-4.07054883051061,0.00123237799030147,0.0136769106119087,-1.01769127042853
217276_x_at,-2.35479459224656,8.11307472479574,-3.58538612261092,0.0031493676011025,0.026006898291841,-1.94333207681283
238752_at,2.35456851416163,4.7826873301123,5.23814989992635,0.000141898347160153,0.00329439156304942,1.13152653785487
202350_s_at,2.35399039411242,9.0879426797924,7.19573890686402,5.68161782006493e-06,0.000505109681808212,4.32185699320384
209714_s_at,-2.35369212276922,6.0442014730165,-7.49655172460907,3.62710596437201e-06,0.000408890760004206,4.76244254888375
205239_at,-2.35317095003945,7.63793402339978,-2.3788929980837,0.0327511434900034,0.130277829779261,-4.19629037385276
215039_at,2.35233488663495,8.02448435879404,5.43307096791136,0.000100588380371091,0.00261540008969199,1.47416650082403
204563_at,-2.34938013311452,7.51404967862549,-4.00752852834677,0.00139073653422094,0.014881480441937,-1.13734574072336
209183_s_at,2.34853257770175,9.84725400182627,9.91277208792795,1.44681595849489e-07,9.41722172984621e-05,7.86723699280811
225575_at,2.34704257198444,8.65242377274761,10.6579293911964,6.03819906361546e-08,6.62777130710445e-05,8.68646725694567
205290_s_at,2.34289308676603,5.54705601223673,5.87348479905007,4.7128447271246e-05,0.00163603038384468,2.22851808049526
229764_at,2.34169548135189,6.02126373531155,3.06123564554871,0.00877410641616849,0.052451811535536,-2.94275690169626
238003_at,2.34096859944341,5.76645433060724,7.08930853265947,6.67802613659011e-06,0.000552116590616636,4.16286749023423
213005_s_at,2.34025412937807,9.16454728779529,8.27962352143214,1.18857270803788e-06,0.000243390310157194,5.85035051109787
224476_s_at,2.3385778561669,7.17957134823996,6.67338465332665,1.27387681001945e-05,0.000782575444806892,3.52572114292141
206337_at,-2.33777628989219,7.15451147344406,-4.62835307517999,0.000430046316452814,0.00672947405611264,0.0275613362814147
235629_at,-2.33600736410179,6.27558181907088,-4.42409080278188,0.00062989030083677,0.00871879802487352,-0.351888941492327
221104_s_at,2.33474313430309,4.91161641589888,5.76513230046277,5.66508238110108e-05,0.00183910955580345,2.04553116117622
225645_at,-2.33444220399093,9.59927189498962,-2.24991452574212,0.0417292286865538,0.153774049904787,-4.42090670421625
204268_at,-2.33254650165476,7.36831228384304,-4.26130323847747,0.000856636364371038,0.0107253697320802,-0.6571841191774
203878_s_at,-2.33140400160975,8.4374115834747,-7.83779277514715,2.21026688174463e-06,0.000314704014998405,5.2468207949902
213895_at,2.330179752996,5.46722000164215,5.72457500971095,6.07161977080827e-05,0.00191552716112851,1.97659697539135
228303_at,-2.32956602783821,7.35676708195245,-5.57012983392551,7.92189384122387e-05,0.00224915467172191,1.71191186113043
235316_at,2.32894815044221,6.5092660952858,6.29753710111941,2.32975614277711e-05,0.00109432488922971,2.9280252575949
217755_at,-2.32609140205969,8.78460475707653,-6.39483925878968,1.98896975338392e-05,0.00100226701525843,3.084771651434
213765_at,2.3238270914639,8.95893536001011,3.33198687133463,0.00516619175287303,0.0364231507528476,-2.42798739576933
205005_s_at,2.32328568208539,7.08117771742966,10.9283942426209,4.45027508576759e-08,5.74489846995111e-05,8.96968474924311
235463_s_at,-2.32084371405514,6.55321811064498,-11.4929192363502,2.39975751766041e-08,5.10823814673842e-05,9.53802339734662
221558_s_at,-2.3171800611891,8.12254864649282,-7.16844917242356,5.92113129399658e-06,0.000519126591269488,4.28124649964875
205208_at,2.31580814677659,7.93498869461697,7.04688238668568,7.12527564904239e-06,0.00056378356890216,4.09903284007201
89977_at,2.3154487701124,6.99085257539855,6.66872572470316,1.28329411224159e-05,0.000785578837258948,3.51844030327994
227529_s_at,2.31443518807848,6.9893816806766,5.70836420350366,6.24255942888064e-05,0.00194920616272533,1.94897703470198
219410_at,-2.31324526784312,9.2460212359906,-3.73128023609653,0.00237126443878608,0.0214508410308784,-1.66418577868621
235737_at,2.3102727843773,4.59715724780236,9.01093714627596,4.47098327916463e-07,0.000154715829612865,6.79344284067001
205681_at,-2.30795021355035,5.71696128505579,-4.88312501176139,0.000269039051221434,0.00495777220274077,0.494395102606888
230378_at,2.30734328267826,7.34237512090131,2.73573586472464,0.0165349634429554,0.0812628428084121,-3.55155680446357
222680_s_at,-2.30659422057576,6.01409478788212,-3.86731514286973,0.00182206170547408,0.017856465987954,-1.40435111507428
203414_at,2.30601753521807,10.5186230508816,5.70743160851984,6.25254551635396e-05,0.00194986814435543,1.94738692164072
218541_s_at,-2.30400580507612,7.72604416938501,-3.79134757461446,0.00211053404316717,0.0198228699199941,-1.54937883855748
223864_at,-2.30279476120483,7.86443198302684,-3.423213485563,0.00432211419097568,0.0322834140508212,-2.25365865678341
205513_at,-2.30245541692852,6.79932300359307,-2.32038482751339,0.0365696465060345,0.140846147565848,-4.29883193816535
1552767_a_at,-2.30151750047636,5.53223693662892,-3.02594322464641,0.00940050897100228,0.0550468917199903,-3.00941956720373
229580_at,2.30049598839967,7.84303743274921,4.14427743988642,0.00107032960938823,0.0123878643931629,-0.878034055249118
239272_at,2.30036545646437,5.64479870448466,5.9063958527753,4.45807892062608e-05,0.00158070988965779,2.28375807712935
213844_at,2.29850357648665,8.11474756405359,7.75924512501161,2.47404174792285e-06,0.000331539785705103,5.13675632167948
204661_at,-2.29730938102919,8.65237658387203,-4.51052805198229,0.000535637981149138,0.00778960535114404,-0.19079479237413
212353_at,-2.29519794730258,8.83462756742223,-5.24573679376937,0.000139997160253439,0.00326829408063909,1.14496068720438
211340_s_at,2.29272533363276,8.80376941647807,6.91389032651094,8.7442350163452e-06,0.000621704875837027,3.89723514276312
242541_at,2.28831540222836,6.74471728796209,6.40862748944716,1.94509722769469e-05,0.000990206619406025,3.10686969968603
223229_at,-2.28622470541256,6.99120560458864,-4.60505851587765,0.000449067392501053,0.00690158964209184,-0.0154912877974809
211122_s_at,-2.28572374535539,5.35211337243655,-3.33319009094777,0.0051540458262884,0.0363703479029838,-2.42569004332819
236923_x_at,2.28395135719691,9.18503446725975,5.55955448770628,8.0684817939119e-05,0.00227276786234999,1.69366265201118
209493_at,2.28119385333592,8.78890302633714,6.93713753094817,8.43538860341213e-06,0.00061235236483372,3.93269575287102
225847_at,-2.28085871841448,5.80082992404248,-7.01005186088062,7.53920214230155e-06,0.000578128859930347,4.04340542740725
219054_at,2.27795200960697,8.05444071233834,4.96497110056747,0.000231807875197592,0.00451839414489424,0.642714375565999
226303_at,2.27729898991806,6.82296052555783,8.7665973759244,6.15780330576998e-07,0.000170902485148718,6.48585242342164
202990_at,2.27493136493142,8.62859505207006,5.11753221992378,0.000176019643082378,0.00376668257750646,0.916908650923149
208350_at,2.27429866404341,4.92137480901959,4.91943408205315,0.000251809604568278,0.00477878866010781,0.560296308928931
210511_s_at,-2.27399664524684,7.82920557665778,-7.84253783272768,2.19531769697789e-06,0.000314658531258011,5.25344264141835
203953_s_at,-2.2736970128158,7.23284662510677,-3.35107652431749,0.00497683398991066,0.0355604284367963,-2.39153195449537
232812_at,2.2736101682967,6.37579692043004,5.55273635454421,8.16449181960378e-05,0.00229390334140204,1.68188856178563
216604_s_at,-2.27002367457523,7.36501763262313,-6.77574676940786,1.08434595631792e-05,0.000704116569616179,3.68488172936793
32837_at,2.2698172430418,9.30544123567643,6.64202358282417,1.33870296873299e-05,0.000805188234182023,3.47664911028847
213680_at,-2.26961718918746,8.94040054234675,-3.13739954902678,0.00756004141300044,0.0472772805965686,-2.7984893967336
206214_at,-2.26830945147133,6.59180521438999,-4.32067652481131,0.000765513607159961,0.00997009444294208,-0.545560740985399
212354_at,-2.2682043958872,9.68618141022293,-5.09323853746851,0.000183870405946944,0.00385916101541235,0.873448430579846
238178_at,2.26713590909657,5.09793685926133,10.4469969349488,7.69389808200107e-08,7.51185495773944e-05,8.46047320459873
200696_s_at,2.26637654612726,11.0978022237564,8.26495329489015,1.21286108391762e-06,0.000244722774164488,5.83072948369329
225185_at,2.26258750986528,9.26168579982421,8.56043867658242,8.10816022826765e-07,0.000197302567218122,6.22052479198006
207071_s_at,2.26141950054779,8.78312311244137,5.87500135075471,4.70077566999734e-05,0.00163475316381499,2.23106705246442
226448_at,2.26053197548169,7.81030486863059,5.73219230273516,5.99299692878163e-05,0.00190393438164518,1.98956213179317
236179_at,-2.26048607644345,6.19364614723633,-6.10740772469106,3.18534295498172e-05,0.0013345488587251,2.61768395382687
218755_at,-2.25911474728143,6.31013848753568,-5.9736163468999,3.98157539938384e-05,0.00148697155028218,2.39609017204406
205384_at,2.25712436039471,8.69991102060419,9.14383246573269,3.76658071164188e-07,0.000153216465020858,6.9576727545756
215779_s_at,-2.25698625309441,5.63672020412044,-3.53685015321981,0.00346196811112078,0.0277948761344389,-2.03623304019296
223836_at,2.25511791411012,6.00313403433154,3.88878761284575,0.00174805029763713,0.0173740501769333,-1.36339995570955
227943_at,-2.25364027984251,6.46462411995217,-7.19284014314683,5.70656623450402e-06,0.000506504072843356,4.31754836745472
202575_at,-2.25311650225896,10.838916331437,-7.09680489074463,6.60213299537109e-06,0.0005503380291395,4.17411942763712
1560698_a_at,2.25213548110354,5.02695743369405,6.0016976563491,3.79863303200997e-05,0.00145560777869296,2.44281958249956
209185_s_at,2.24849780582073,9.88660257917566,7.39030730037556,4.24451009815332e-06,0.000440357855059834,4.60830302210492
211071_s_at,-2.2477965841742,7.88310142687694,-5.50737286146035,8.8344729579527e-05,0.00240250293453006,1.60338272609806
235228_at,2.24725608274118,4.76783386855896,6.95830712500028,8.16415309723629e-06,0.000602395506870977,3.96491855161535
206714_at,-2.24390699857369,7.27110644145338,-2.85659011799121,0.0130781290820032,0.0691735230297502,-3.32727082605577
205307_s_at,-2.24094199001446,5.57670550671765,-4.21731969317578,0.000931279657397286,0.0112824540811426,-0.740063876733204
202705_at,-2.23990736612139,6.71864661844672,-5.58390239058138,7.73515302854942e-05,0.00221692868556599,1.73565432373891
218792_s_at,-2.23967818536298,7.88983089601255,-6.14677882029864,2.98433305658481e-05,0.0012762292310316,2.68238829687973
220327_at,2.2381891094012,6.43863130009564,7.06331416933306,6.94841147011973e-06,0.000560432478689565,4.12378719065777
204223_at,2.23442559486954,8.87406522037261,6.42937400108172,1.88099356447179e-05,0.000973895105468705,3.14006641864856
217284_x_at,-2.23332417953946,8.04233983694376,-3.75462899100644,0.00226623199361496,0.0208245771850249,-1.61954729583839
209074_s_at,2.23157551760628,7.95414838550298,10.1497434219908,1.08982388632978e-07,8.62031138118885e-05,8.13414969078689
209298_s_at,2.22996421595324,8.17909856458526,5.30836776213068,0.0001252820071504,0.00302791764974616,1.25556196938505
205006_s_at,2.22836715167406,6.84436277778829,7.43780499247152,3.95577057447196e-06,0.000425751488502469,4.6774101891219
227230_s_at,-2.22783015313356,5.43844022924886,-5.55967337567503,8.06681817796973e-05,0.00227276786234999,1.6938678982755
203108_at,-2.22742931659669,8.05323142622128,-4.06179833069493,0.00125321272438153,0.0138088282357034,-1.03429073215701
203304_at,-2.22355333384331,8.53681446048222,-3.21844445291518,0.00645145971242074,0.0423703975707633,-2.6444611011533
204915_s_at,-2.22050784246358,6.43751406340674,-2.67843087523785,0.0184719613744481,0.0878248819266955,-3.65700742981968
213317_at,2.22022482323151,6.43298156774579,8.10160080361825,1.52184869156147e-06,0.000274470158151255,5.6103257858507
218625_at,2.21932701786041,7.80974114767995,7.10774882592867,6.49296837380612e-06,0.000547000070628427,4.19053152079674
243278_at,2.21731677198933,5.02741455815739,8.33168081098147,1.10646647959739e-06,0.000233575501050144,5.91974758291958
203453_at,-2.21696556381829,8.49711563376087,-3.4634881745999,0.00399502580006062,0.0305446314074239,-2.17662269513384
206100_at,2.21582011523189,8.62023110687969,4.01261157097878,0.00137722462762658,0.0147862873968753,-1.12768581603461
206069_s_at,2.21335801823801,4.75362506613816,5.52329106005039,8.59305608291141e-05,0.00236568651225167,1.63096401096906
204675_at,-2.21173529826691,7.14141967242937,-5.47650279202882,9.32307924932203e-05,0.00249139471142073,1.5497921343448
AFFX-M27830_5_at,2.21146914693262,8.95435015992237,5.69347088311679,6.40405109739373e-05,0.00197684944263493,1.92356824118046
206043_s_at,-2.21058834668009,6.53302165057032,-3.78817122251609,0.00212356185305507,0.0199152220095688,-1.55544716492543
224579_at,-2.2098510704292,9.69617273651256,-5.20797846070545,0.000149729402870195,0.00340393143531305,1.07802472772371
219093_at,2.20860275538103,7.66556711914369,8.27985905289718,1.18818699158936e-06,0.000243390310157194,5.85066529703934
208790_s_at,2.20809204568743,7.59974791875082,7.36287999077833,4.42132254782432e-06,0.000449323067476384,4.56825152447458
202589_at,-2.20772999171957,8.15231282556914,-5.88136079981156,4.65051759685967e-05,0.00162367209200704,2.24175213702455
226374_at,-2.20570089452444,7.88591132165571,-3.83912017941743,0.00192412180883741,0.0185254215239232,-1.45815215867088
225681_at,-2.20004399421825,11.0055973690159,-5.37810970168746,0.000110778223438344,0.00279759785981129,1.37808593746792
210356_x_at,-2.19984973368666,6.033170316229,-3.22027353917552,0.00642840943990653,0.0423003112440594,-2.64097960215592
237339_at,-2.19869990167699,7.90734614933701,-3.33323467365384,0.00515359633616226,0.0363703479029838,-2.42560491874418
204179_at,-2.19290728814643,7.64693132953934,-5.27798881093321,0.000132206853300129,0.00313596950290002,1.20198211128108
210652_s_at,-2.19039004814928,7.453587162471,-4.48617864274055,0.000560614470148507,0.00804022043868504,-0.236099865947855
230795_at,-2.19029955450944,9.46474666522042,-4.81396851928301,0.000305325026204042,0.00538504703474386,0.368429819242443
208546_x_at,-2.18928721502406,6.26893927902819,-7.2999079513475,4.85741739387318e-06,0.00046511260246938,4.47588933594106
211712_s_at,-2.18890190346204,6.48074841232762,-3.71301772312894,0.00245685477983446,0.0219419364729581,-1.69910951383434
210678_s_at,2.18834626372906,8.25276045228499,6.38170201844223,2.03174056030035e-05,0.00101819812222201,3.06369066528017
239942_at,2.18814621141825,5.39833936690745,8.10194069248153,1.52112529127254e-06,0.000274470158151255,5.61078806872253
209396_s_at,-2.18533884160961,8.11514711304348,-3.33512339320167,0.00513459004868452,0.0362892594250034,-2.42199859196293
202036_s_at,2.18373420467336,7.75042522456789,4.49096880715325,0.000555607634068419,0.00799379494614605,-0.227182441125336
226129_at,-2.18060885840478,7.99172147872387,-5.53408313329694,8.43331371630558e-05,0.00233700672802335,1.64964283426738
222067_x_at,-2.18050932018285,8.08742092083064,-5.62315828028582,7.22773233030848e-05,0.00213147931585554,1.80317824751046
205204_at,2.17781685080858,8.60791536690606,6.31197949059056,2.27551790364537e-05,0.00107904545864536,2.95137972576995
207173_x_at,-2.17482220830307,10.0883874531394,-6.32814289492047,2.21638802109943e-05,0.00106627277023624,2.9774804686713
204044_at,-2.17204953369819,7.54986854317689,-5.73660288456985,5.94796075355e-05,0.00189513260023512,1.99706539208104
210761_s_at,-2.17108075997633,8.11974907937493,-2.70838283237389,0.0174334781125991,0.0844339990970286,-3.60196866801342
229105_at,-2.16783934165141,6.847075422981,-6.39313890451201,1.99445178344979e-05,0.00100226701525843,3.08204458131974
210247_at,2.16566570437492,5.86891407941966,9.61363719853584,2.0847251639095e-07,0.000114900096952624,7.52145529324347
227561_at,2.16537118844823,9.43648192760812,6.87373055157212,9.30622238332658e-06,0.000644889364776148,3.83579032754716
219789_at,2.16477793794307,6.31069825303747,3.74813999994873,0.002294938609264,0.0209700882752235,-1.6319516281767
227899_at,2.16254149476104,6.73128395331365,8.5873246198223,7.82027965175931e-07,0.00019523917349769,6.25543279910567
229125_at,2.16028061752019,6.95676056279257,3.79894617989242,0.00207969736563279,0.0196216485704871,-1.53486325192956
228730_s_at,2.15900904249649,8.24382606331469,8.60491437799121,7.63782507587469e-07,0.00019417761811885,6.27822099882918
242093_at,-2.15815977382528,5.65960872297787,-3.1999328246522,0.00668944189907226,0.0435255546628318,-2.67968404501885
243386_at,-2.15737330736697,6.57040680987858,-5.91579145829628,4.38802895452893e-05,0.00156478322165661,2.29949905074163
206825_at,2.15557529948016,6.70618091697215,2.55372973746524,0.0234791717813898,0.103626389824628,-3.88415137309814
208451_s_at,-2.15550716509935,9.8439065992948,-3.61188936085198,0.00299088515736781,0.0250769277686068,-1.89260445349832
222496_s_at,-2.15451883736212,8.77143946316784,-8.71107299794998,6.62840829442462e-07,0.000178526218471757,6.4149202229276
1553102_a_at,2.15311518663165,7.15188367654358,6.33215993240832,2.20194492623247e-05,0.00106322875937874,2.98396117942266
205794_s_at,2.15158966356407,7.29315679987942,6.88053790091749,9.2083417978232e-06,0.000643906689187108,3.8462222551596
215043_s_at,-2.15106570275432,7.37201623592961,-3.72943462879929,0.00237977483446589,0.0215064775329624,-1.66771481779295
37117_at,-2.1456953408946,8.19647666232185,-5.32592296804197,0.00012145385939153,0.00296878477216311,1.28646658775513
209201_x_at,-2.14423109457442,8.10795641649133,-5.78416349935604,5.48424761194543e-05,0.00179982736004272,2.07779545328639
1557422_at,2.14359399723143,5.8920873357966,6.49504212797504,1.69234560214247e-05,0.000916128671258805,3.24472157750846
232231_at,-2.14219530975717,8.09087416570296,-4.18429621653097,0.000991692549318501,0.0117731010697488,-0.80239212603864
204962_s_at,-2.14186210301093,6.3210681492775,-5.45451567927067,9.68825412475934e-05,0.00255525949961996,1.51154028678733
203986_at,2.14104512046257,7.55316991408366,5.90905265451246,4.43815268173631e-05,0.00157671213693264,2.28821047919942
204476_s_at,2.14024100955736,7.71578348872306,5.92498376116144,4.32061146922097e-05,0.00155618463594011,2.31488685451358
239273_s_at,2.13936035220468,5.84473455444094,6.13377487618203,3.04920870918283e-05,0.00129538062295704,2.6610424055798
218665_at,2.13876488819613,9.35772070760551,5.70848683783238,6.24124752201238e-05,0.00194920616272533,1.94918612192929
204623_at,-2.13648074525471,8.80522687286935,-2.3976405781975,0.0316100596113093,0.127144122065992,-4.16321759693961
201631_s_at,-2.13615785802395,10.0264147711885,-7.84976149768177,2.17276504103806e-06,0.000314658531258011,5.26351752498363
235141_at,-2.13512540755781,8.40135111788856,-4.50923859190563,0.00053693139012313,0.00780141476348184,-0.193192482927822
204444_at,-2.13484510712576,5.44485653403263,-4.81428525187992,0.000305147735577366,0.00538386980299533,0.369008047748538
1560697_at,2.13358507620429,4.55244966587092,5.69432685996912,6.39465207422672e-05,0.00197684944263493,1.92502945332487
210517_s_at,2.13301739964666,9.79140542111888,5.81138495193032,5.23603455766883e-05,0.00175385413355875,2.123853132957
33323_r_at,-2.13102476209397,9.53962226467574,-3.41694301242762,0.00437541238855188,0.0325565694534668,-2.26564928843217
209087_x_at,2.13033221571927,9.06659019498733,6.62801938121326,1.36876550477562e-05,0.000815098913797994,3.45468918141243
235885_at,2.12910338523895,5.08524911725789,5.23059534203443,0.00014381819287686,0.00332203620428489,1.11814189236063
219787_s_at,-2.12858261363885,7.13145780900905,-5.52471408646273,8.57181285463076e-05,0.00236107932219688,1.6334279202807
210809_s_at,-2.12856207792357,12.5839376919705,-5.66431473372618,6.73299264430922e-05,0.00204514651570893,1.8737333684229
210163_at,-2.12744985822226,4.46021700049275,-2.97544671315396,0.0103745414079186,0.0588410841782104,-3.10456735726572
225442_at,2.126885581168,9.45766673608826,6.52499546989,1.61301536201398e-05,0.000891272827105023,3.29224571830964
221874_at,-2.1265194112958,7.81288854757973,-3.08107025475135,0.00844043384777766,0.050973821281015,-2.90523758689067
229030_at,-2.12455715558868,6.41145933384115,-3.30456350389723,0.00545093826593362,0.0377677988580124,-2.48033095525837
218976_at,-2.12399772793366,7.8774411668927,-2.96359971406913,0.0106171471197747,0.0597644928213406,-3.12684734168115
201195_s_at,-2.12344836319006,6.68394309467672,-4.99702713301427,0.000218723291689867,0.00435653769513423,0.700576271236071
211919_s_at,-2.12187304393049,7.88504017941801,-5.71527222982843,6.16910745133039e-05,0.00193395785409503,1.96075157852219
219825_at,2.11898949065542,7.11206003696377,6.24075608258543,2.55653866333641e-05,0.00115806753453122,2.83590560175083
220338_at,-2.11793907259033,6.83190534260734,-7.26419601271884,5.12474097808462e-06,0.000479786323590371,4.42325823761191
238969_at,2.11628561621112,5.76460277764237,6.84268457778356,9.76674820841044e-06,0.000665002438723338,3.78812776993223
210239_at,-2.1147882088917,8.26385929049782,-4.29839232417904,0.000798484575582602,0.0102650233176531,-0.587420231301597
208579_x_at,-2.11425287628555,8.56070154589392,-4.91135553424965,0.000255541301323008,0.00482282383494494,0.545647795196218
204679_at,-2.10961733656074,8.18413852098304,-3.28743491992133,0.00563672066177106,0.0386830302726663,-2.51300708788342
219534_x_at,2.10912759397054,7.14332709294233,8.85947795130009,5.44816742034628e-07,0.000165089602931053,6.60364590622521
240869_at,2.10872695247537,5.17858710779635,5.50864685078688,8.81489298270415e-05,0.00240250293453006,1.60559147731362
205108_s_at,2.10814833297868,4.71556192652402,4.70540132705392,0.000372860528956657,0.00612196679300458,0.169533236087646
200831_s_at,2.10809514302966,10.1942448733271,3.91102237362063,0.00167463903156801,0.0169118745938273,-1.32101662055256
1554062_at,2.10791929866107,6.76068360757546,3.3516323594626,0.00497142609486594,0.035545013957996,-2.39047026542715
203764_at,-2.10714805920725,5.51325530102093,-5.76421620560252,5.67394321187488e-05,0.00183999315011423,2.04397674030029
211922_s_at,2.10565415746486,8.9034518031658,8.23467026333608,1.26467936545447e-06,0.000250530232993561,5.79013706720192
204146_at,-2.10479904956518,6.30515532116687,-6.37944724696364,2.03917819950618e-05,0.00101912310839123,3.06006991543137
206201_s_at,2.10362299474888,6.88315996135716,7.22989182946163,5.39620621739873e-06,0.000490911106383154,4.37252973413522
206632_s_at,-2.09980758529258,6.28011654184708,-4.57469052350515,0.000475178887081464,0.00717294468558229,-0.0717048947862446
208473_s_at,-2.09837427587168,6.29562939275854,-2.98332146214613,0.0102163212238951,0.0582154625238631,-3.08974852211989
212977_at,2.09398534879453,9.61022909680909,4.5866195224865,0.000464739555383559,0.00707789281075099,-0.049611573059722
220751_s_at,2.09024936592984,8.29620345909053,10.9790806255826,4.20579104794674e-08,5.74489846995111e-05,9.02195775157841
204134_at,2.08973752687737,7.48196147220766,7.35959895590866,4.44298993587448e-06,0.000450687337187267,4.56345313434704
241789_at,2.08794877075537,7.4821342744072,8.09474628590574,1.53651558889547e-06,0.000274539182427647,5.60099965625897
1552477_a_at,-2.08584663929374,7.0765332976483,-3.22652936426655,0.0063501934197499,0.0419614570684763,-2.62907060973825
216080_s_at,2.08559569503683,7.25066042819618,6.77747602402703,1.0814122029335e-05,0.000703883478516538,3.68755725000916
230360_at,2.08435770137951,6.97670903833105,5.26187600245411,0.000136040678717081,0.00319333253629074,1.17351244969869
212472_at,-2.08220503095014,7.57727265994662,-7.38279041126066,4.29221175120397e-06,0.000442786183956749,4.59733691422909
218468_s_at,-2.08143915830671,6.79515437924402,-4.64731447895841,0.000415179656573841,0.00657608311868746,0.0625616499534933
206110_at,-2.08085506659,5.5539422681004,-4.12361424546055,0.00111340959316722,0.0127195297756828,-0.917136499429568
236256_at,-2.08059783925709,7.05511498998312,-5.56897249704646,7.9377993863036e-05,0.00225103309878708,1.70991549646675
230030_at,-2.07972055042763,5.09566993229551,-2.51015920428025,0.0255202390961299,0.109789839686907,-3.96268044052323
212701_at,2.07851075745826,7.16628002414275,7.9396344365482,1.91182091544921e-06,0.000302319110698016,5.38826792239438
236193_at,-2.07793750926827,5.75219619588932,-2.98978596514601,0.0100882215514736,0.0577129918063357,-3.07757809635255
203214_x_at,-2.07536335731688,6.19499487477159,-6.02763195082634,3.63750745259764e-05,0.00142874080438776,2.48587277746344
227794_at,-2.07339757189452,5.37067042094804,-6.14159723264695,3.01000803954973e-05,0.00128471654615442,2.67388575866531
202357_s_at,-2.07097439511163,8.66384358249299,-3.9383888401575,0.00158858610690275,0.0162857810932182,-1.26888349605443
230493_at,-2.07082186620283,6.07216119283516,-2.25810829903188,0.0410957950527722,0.152112244170514,-4.40679674654164
215465_at,-2.06888826638569,4.92914465311755,-2.87728340472452,0.0125620247252506,0.0672109503721576,-3.28863640233627
209457_at,-2.06884340608296,7.08992236753352,-5.60541184822816,7.45266639341189e-05,0.00216741773967976,1.7726800581299
211708_s_at,2.06806305043574,7.56929067399476,3.84486706989771,0.0019028567081457,0.0183990628607597,-1.44718349847417
206208_at,2.06730103122468,6.39503610132941,10.1616376925729,1.07458109053999e-07,8.62031138118885e-05,8.147386841559
221601_s_at,-2.06648062623251,7.25436414060757,-4.3821312195661,0.000681657336316855,0.00922210187986826,-0.430350865849494
203287_at,-2.06630860563217,8.20050605977491,-4.30266130593756,0.000792057034808642,0.0101991093183866,-0.579397874531355
227530_at,2.06518677923928,9.04419808149993,5.51598261019533,8.70302876093957e-05,0.00238515337094923,1.61830520896701
1554789_a_at,2.0622820624133,4.90439399032045,5.51216658236719,8.76103358917144e-05,0.00239570434634401,1.61169253824572
214624_at,-2.06135196568332,6.50320589872133,-2.66596532209624,0.0189216873600401,0.0892664091644774,-3.67986175671214
204825_at,-2.06011309229344,7.41284608272069,-4.3496047129346,0.000724791172068057,0.009609107015718,-0.491286201025202
227492_at,-2.05546736381587,8.34803569424276,-3.86137851504702,0.00184308250325512,0.018004383752988,-1.41567659400309
224762_at,-2.05526895969578,7.49510410747929,-5.38800290117485,0.000108867395747942,0.00276595021492505,1.39541186927052
240655_at,-2.05347730083656,6.95349147987844,-5.36141008207851,0.000114083533614617,0.00284797022644151,1.34880905521352
205608_s_at,2.05329522162623,5.9037696818846,8.62023004419749,7.48263945747827e-07,0.000192071977623298,6.29803095755873
214428_x_at,-2.05290043154528,9.61902593749068,-3.56871633532609,0.00325337592502955,0.0266085757219133,-1.97523938228379
232035_at,-2.05194155865138,6.25805865014522,-4.1167555383357,0.00112809889490372,0.01284172539639,-0.930122394021565
206102_at,-2.05170170534727,6.32318726256794,-4.91586745220979,0.000253450098328918,0.00479536940180753,0.553830078051293
203216_s_at,-2.05122352299793,9.28016963890361,-6.00731486297438,3.76310946273928e-05,0.00145199724682618,2.45215306555744
214710_s_at,-2.05085275663721,7.03784664801926,-5.16307945498889,0.000162226964443973,0.0035811456471695,0.998180364248957
1564525_at,2.05074623022676,7.52217095881657,6.74616356018315,1.13585672291467e-05,0.000724804165023661,3.63904210857274
204482_at,2.05050230821527,8.35382864747247,9.8335749618868,1.59239074397513e-07,9.82791452232353e-05,7.77666296118009
228191_at,-2.04936628345843,8.11118669580822,-5.3829950008305,0.000109830310506676,0.00278411815095058,1.38664325138011
225835_at,-2.04799559554435,9.47384297063858,-3.23712123620878,0.00621992690770307,0.0413738683286754,-2.60890170953733
217871_s_at,-2.04662212839174,11.819461967456,-8.34815203280067,1.08175829625397e-06,0.000231035682998773,5.94163128266336
1557938_s_at,2.04560231773395,8.42827729238335,7.79763604365553,2.34118274250471e-06,0.000323944600347893,5.19065739230141
213182_x_at,2.04180494300592,7.22561467748322,8.06844763095148,1.59419368597518e-06,0.000276611649414829,5.56515979778072
203276_at,-2.04159491139533,6.17227520485431,-7.51141244935775,3.54863173169927e-06,0.000405886120509817,4.78387537866826
219563_at,2.0390837354447,9.50926772416639,6.22007134244994,2.64482302190995e-05,0.00118821445129767,2.80222838576166
202912_at,2.03799720448129,9.06433423430339,6.94081603540179,8.38758335451452e-06,0.000611454826544109,3.93829959956432
235201_at,2.03715467956507,7.04898275048584,7.6673947753605,2.82539254468042e-06,0.000360193855751397,5.00697135584083
1558444_at,2.03521161947612,6.6889385494696,7.31317028208169,4.76193102054052e-06,0.000462772990798463,4.49538847405006
226322_at,2.03375524221396,8.31410734928362,7.62645615612671,2.99867716238312e-06,0.000366784505264647,4.94874748944064
212886_at,2.03338355631144,8.25377454767964,6.09663392743711,3.24279238593042e-05,0.0013493125852416,2.59993774955593
214404_x_at,-2.0257715201935,9.33057502036807,-7.42992637078999,4.00218936236389e-06,0.000428909313798623,4.66596924803771
236359_at,2.02567749688581,7.45446639016152,8.3920816906337,1.01867994995816e-06,0.000221909689904983,5.999823179636
205413_at,2.02567170098959,5.66097805806188,10.2258799561367,9.96086011707649e-08,8.37861579847934e-05,8.21862100661738
222750_s_at,-2.02563674655698,8.96348947746614,-5.15471843184623,0.000164671844793685,0.00361148540477126,0.983282101164455
222537_s_at,-2.024517895444,8.01704809458831,-8.81375719099321,5.78595938284317e-07,0.000166881344373828,6.54579590194124
212473_s_at,-2.02401131477985,9.61762784895046,-8.04756669876328,1.64162362471658e-06,0.000278744632550866,5.53663712765851
225894_at,2.0227597296669,6.53864208409821,7.09540390894964,6.6162470071741e-06,0.0005503380291395,4.17201719042574
1552616_a_at,2.02120318058458,6.21659303854651,4.85424514287938,0.000283615107705528,0.00513635508903602,0.441862304393688
204591_at,2.01900811503561,7.08721948205989,5.53347688693534,8.44220442940234e-05,0.00233828534537777,1.64859398776086
213228_at,2.01874654915141,6.6779754466891,4.57818253068799,0.00047209809592601,0.00714336729182403,-0.0652358889601947
209182_s_at,2.01870935278758,7.98265979693595,9.1089643551072,3.93916891203497e-07,0.000153216465020858,6.91478982888989
220061_at,2.01762633590922,7.2336464195433,6.90277835566779,8.89605598959694e-06,0.000628413257404667,3.88025735094027
225102_at,2.01731382535783,9.56510939685692,5.83740799596003,5.0097418893914e-05,0.00170552700997805,2.1677818957956
218876_at,2.01677658170261,7.61143732153636,5.48138548227638,9.24395433312041e-05,0.00247630182833591,1.5582774847756
204951_at,-2.01660695908559,7.44719806091739,-5.9402458378482,4.21106668859386e-05,0.00153493380799246,2.34040792286378
238964_at,2.01402138033359,5.2133370494202,8.3814289005128,1.03360900324762e-06,0.000222490441939226,5.98573493875599
205730_s_at,2.0107142740912,7.65865100657426,6.71200188079199,1.19856702279485e-05,0.000751509770313171,3.58594768534168
235570_at,2.00872326314989,8.59931432994868,9.40454755593603,2.70512704162365e-07,0.000133344032679091,7.27372648897925
201425_at,2.00844539384657,11.1618529760004,5.79888628653756,5.34850607132561e-05,0.00176923497530214,2.10271929381723
1553129_at,2.00826483506144,4.78183870765907,7.43946572240279,3.94605886658095e-06,0.000425751488502469,4.67982069661639
229480_at,2.00528037112015,5.44697410027853,6.05605304307421,3.46914255311947e-05,0.00139058188483729,2.53294010603545
208623_s_at,-2.00501871609281,9.73436753098351,-5.63424569975981,7.09081638567801e-05,0.00210586847304153,1.82220958889503
219474_at,-2.00140428988336,7.19857810859693,-4.30529170299676,0.0007881231399767,0.0101747512900168,-0.57445556331035
211430_s_at,-2.00101049375628,12.2423761325694,-2.75797927939999,0.0158377661316121,0.0788212145681676,-3.51046145820256
