Symbols,Healthy_1_S1.CEL,Healthy_2_S1.CEL,Healthy_3_S1.CEL,Healthy_4_S1.CEL,Healthy_5_S1.CEL,DCIS_1_S1.CEL,DCIS_2_S1.CEL,DCIS_3_S1.CEL,DCIS_4_S1.CEL,DCIS_5_S1.CEL,DCIS_6_S1.CEL,DCIS_7_S1.CEL,DCIS_8_S1.CEL,DCIS_9_S1.CEL
CD300LG,10.95171973,10.23172439,9.244065307,10.9267055,11.24187201,6.134067634,6.905700797,7.577968498,7.935546103,5.824680131,6.149482241,5.630977094,7.170936163,7.660033822
ACVR1C,11.75359761,10.68401772,9.306216509,12.1450271,10.89935191,6.180445054,7.074554389,6.601369613,7.428413189,5.813114014,6.777312391,5.128976144,6.119254719,7.449072887
ACACB,9.872913726,8.656760326,8.317922531,10.18742258,8.246245184,7.853104539,7.884964825,8.257445095,8.20408709,7.837014026,8.26279023,7.693486098,8.137131584,8.176069937
ACACB,8.416854898,7.504155168,6.083095309,8.981039054,6.316907473,5.466035942,5.727159538,5.659024537,5.777769069,5.218770971,5.61161462,5.013471146,5.039811775,5.798510825
ANLN,3.769785914,3.931375974,3.721476921,3.852353301,4.146021899,5.015156997,4.724285746,5.331391842,4.755327891,5.903565119,5.371816547,6.020634184,6.309135359,7.438815589
TFAP2B,3.783772545,5.785290579,5.904423617,3.711065367,4.806348928,9.773738679,7.21391738,8.899749158,9.294323298,9.804135628,9.066727386,9.687584199,8.981534465,5.726668593
THRSP,9.622066685,8.528335382,7.178705147,9.232427774,8.828598935,7.017512415,5.611514121,6.442430635,6.002138967,5.346649655,5.913222981,5.305955174,5.675758161,6.761516653
CD300LG,3.884054574,3.795714692,3.689946706,3.910053088,4.380937101,3.361048926,3.427556223,3.55088184,3.704094203,3.628237327,3.723073001,3.571876228,3.672984936,3.59023653
CD300LG,8.396617001,8.262166949,8.28875334,8.257089831,8.403222582,7.966212893,7.821356712,8.193040447,8.113287748,7.997098875,8.185658012,8.13660567,7.974194056,8.177223845
AKR1C1,4.808864111,5.064552774,4.633398272,4.700934176,5.141652733,4.66570246,4.745291028,4.965421316,5.513140329,4.861383945,4.913203472,4.540374046,5.06781377,4.78776832
AKR1C1,5.13399415,4.741786383,5.015687429,4.808363642,4.842666782,4.876116109,4.379974915,5.27355619,5.017199384,4.755259493,5.094178585,4.867750981,4.993767214,4.886348434
LINC02996,6.120088321,8.181263506,5.648218403,8.487006148,8.222408809,3.42413821,3.817824152,3.875049699,3.650120642,3.254193839,3.871720512,3.01729957,3.656762065,4.410446271
S100B,2.839876736,2.814569895,2.881990035,2.931127316,3.013699544,2.896486508,2.817707242,2.895837447,2.927472762,2.931212192,3.083449557,2.931373911,2.859701953,2.740799868
ACVR1C,9.018204147,8.179742254,6.712123598,9.479086092,7.776085384,3.662916955,4.049787385,3.597622253,4.602167921,3.715602393,4.289040196,3.188209351,3.692672607,4.557233901
ERBB3,5.809528879,5.708177706,5.987815869,5.845897414,5.574437183,5.825573891,5.526144319,5.897277396,5.383167123,5.658984249,5.565931793,5.698827589,5.638823093,5.517703956
ERBB3,6.256796969,6.467409922,6.10128734,6.594773578,6.473146844,6.301346285,6.112359885,5.996621417,6.381137921,6.289663518,6.562569053,6.292274151,6.411463419,6.354961613
SPP1,3.188213162,3.125678389,3.106668558,3.27256389,3.795352014,7.944601958,4.452518306,5.222559889,7.4252519,6.969212615,7.103033539,7.349529581,7.213784893,6.261583788
CDH1,3.930106807,4.484222721,4.817467481,3.607332697,4.052963075,4.275020243,4.098025947,5.234151895,4.845770974,5.916653236,5.659153895,6.331202928,4.755953631,4.832474402
CDH1,4.838141437,9.79025846,10.86262746,4.491691026,9.121544748,9.908077431,10.26012794,11.72874988,10.96881081,12.08587473,11.84891229,12.13152253,10.85415023,10.93371407
SDC1,5.410885003,8.150312186,8.284914296,5.98790428,7.938739821,10.09518857,10.1017234,10.18742307,10.25299776,10.64675644,9.616277999,10.26637199,10.1547528,10.24999948
SDC1,5.631085755,8.626439102,8.658051139,6.140031996,7.835493715,10.796938,10.4937892,11.29713183,11.10456991,11.36907742,10.16480682,11.10862913,11.07326643,11.26701446
TOP2A,3.874718571,4.43625377,5.14549431,4.003807142,3.660509781,6.623115615,4.580778622,9.723614752,5.08379023,6.013417602,6.247851597,11.09135651,7.579606852,8.972430072
TOP2A,4.807641647,5.208435583,6.458807994,5.12033769,5.003906701,7.626773503,6.320767855,11.03320618,6.640655551,7.457590543,7.791218502,11.87435128,8.771603128,10.21998753
FHL1,12.21315591,11.21879452,8.7353363,10.65020402,9.439190638,6.374555076,7.382695959,6.564667967,7.900342835,5.825849673,6.556571094,6.150116888,6.993134201,8.10022622
FHL1,13.96906622,13.62193458,11.80930396,13.60377443,13.69172938,10.05201309,10.99134357,9.989776829,11.67396508,8.828537253,9.882143357,9.455902283,11.1141506,11.76760497
KRT19,5.636189961,9.767235316,12.13238589,5.358007846,9.547905732,12.76988247,12.17339948,11.96315163,11.36991005,12.65328195,11.95125973,11.90823284,12.33777044,12.51768795
EPCAM,4.959927751,9.002353772,11.29267577,4.822360904,8.407441568,11.00367049,11.28280804,11.49830406,11.86236332,12.09653715,12.28662718,12.54278212,11.95161201,12.86442224
RRM2,3.469957922,4.59122991,6.329343247,3.614241952,4.893573682,9.338418499,6.603928186,9.835869153,8.581070494,9.849976141,9.356494451,9.540371172,10.50213987,10.40512895
ERBB3,3.924434958,7.323993482,8.902371426,4.055992511,7.199477828,9.349410746,10.40096309,9.470507009,8.726965748,9.792776963,10.10894882,9.943209593,9.085707117,9.242638203
PCLAF,5.062444452,6.469669907,8.390113551,4.448117932,5.922342162,10.07770454,7.909319502,10.71993535,8.66331411,10.04031978,9.963453831,10.68819137,10.11467031,10.02587163
LPL,13.60681906,12.87612504,11.20354542,13.53366902,13.38116026,8.10326183,9.031848345,7.990239667,10.78379596,6.215954162,8.317706459,7.241159174,8.947278645,10.26695716
LPL,13.44102707,12.76688458,11.6593442,13.61282675,13.62748302,8.615169598,9.283413495,8.555097388,11.16253968,7.214011705,8.655492608,7.864825207,9.321616913,10.50034437
CEACAM6,4.316913172,5.033665791,4.654787318,4.959366785,5.233130622,9.08815941,9.222801795,12.45013132,8.711486997,9.635088658,10.82787995,13.02640726,10.96598759,10.68660537
FABP4,14.59204627,14.40040416,13.0579308,14.63060858,14.47624089,11.5264112,11.62368687,11.29728642,13.96914201,8.824684707,10.74115933,9.127900849,12.00318519,13.50408406
AKR1C1,13.49511283,12.94809927,11.09877089,13.19108865,13.60230047,8.754632425,9.422622012,8.767236198,9.99103048,7.565603697,8.963952665,7.788124641,10.41988843,10.34738396
COL11A1,3.821664901,4.317038485,5.420823559,4.021078231,5.358104439,9.027146481,8.87299848,5.276603536,7.64414261,7.844391689,6.070843767,6.949432335,8.262401739,6.501470495
S100P,5.832013786,6.686048118,5.466271717,6.55241191,6.03745076,10.15914731,9.080645723,11.80754155,7.780370457,12.40702846,11.16268739,12.94725022,11.02874907,6.959357174
MAOA,10.67995027,9.917746323,7.71503241,10.42581718,10.35117904,6.703214485,6.612154949,5.705815845,5.736141343,5.666199008,5.27430208,5.003230313,5.878815966,7.24220395
MAOA,9.885040865,9.396869937,6.892819224,9.819184199,9.579641699,6.457060083,5.892200677,5.758681771,5.890991532,5.878815966,5.715210866,5.471503345,5.817914833,6.729912944
MMP12,3.512396533,3.932621559,3.903027024,4.325438496,4.100994423,9.124144382,4.03589534,9.074421272,10.91674477,9.796558755,10.01057789,9.10120089,10.27058651,4.58408819
FOXA1,3.72959079,5.603115319,5.154020393,3.71564633,4.853478976,8.597180765,8.2576592,8.312585986,7.411226885,8.571549559,7.812813909,8.87753065,7.859473443,3.879894596
SOX11,3.980234327,4.357095633,5.105271625,4.328959906,4.605414526,6.812305196,4.324301892,8.898355969,4.448810492,10.53602144,7.775093645,9.245928407,11.65671733,7.048738161
SOX11,4.317293703,4.573674316,5.14549431,4.451963464,4.735979696,6.424229191,5.037274731,8.223346045,5.221219209,9.922146121,7.15526766,9.327564067,11.56104271,7.20033772
SOX11,4.71988395,5.191951012,4.963767857,5.085843265,5.393792411,5.428554229,5.418933322,7.363286607,5.294026392,9.423810851,6.440091158,8.401878276,10.5618635,6.962416587
ALDH3B2,4.366706507,4.678299569,5.030721065,4.440722155,4.640094958,5.04615831,4.668003447,5.643451753,6.202153964,5.482605332,5.454570188,5.615511953,5.351666677,5.034918834
ALDH3B2,4.902201137,5.735955948,7.087759577,4.864403081,6.116190678,8.791139009,6.59256474,9.385226551,10.73174571,9.137344456,9.440842751,9.881869553,9.815958269,8.146083609
KMO,4.862322999,4.746227681,4.709558561,4.25590059,5.006133671,10.39647875,5.799228102,9.845840524,9.613029848,10.78965319,8.635933647,8.153012666,7.375864919,7.016840238
KMO,4.540807847,4.267713057,4.15393053,4.212845637,3.813024341,8.054873036,4.846687543,6.706936962,6.99036625,8.115395544,6.161656052,5.774289164,4.858645626,5.356513583
CFD,14.09374455,13.67798949,11.89760142,14.32383565,14.03694715,10.29204092,10.78530883,10.04822522,10.53666629,8.953373333,9.079766901,9.555279333,10.09155856,10.54111005
ZBTB16,11.62533761,11.21319972,9.88119135,11.72020365,10.92800005,6.367343219,7.421503489,6.176969781,9.110188658,6.059026835,6.530812721,7.044300098,7.550768749,6.422245459
PLIN1,14.10628448,13.43738822,11.53983332,13.64750363,13.75149137,8.668671089,9.419621604,8.878278669,10.12299699,7.477449331,9.025148696,6.950505119,9.557965195,11.03647142
S100A7,4.329370594,4.732648587,4.535905848,4.884845714,4.888471467,13.75945561,6.415058056,10.58030405,9.71482431,14.19753903,6.504867355,7.670806792,8.266551568,9.6953837
COL10A1,4.924396862,5.078583047,4.893972108,5.524050731,5.614415884,9.527868327,10.83475545,8.998374736,9.0323301,9.943294212,8.906104779,9.187551682,9.124216659,7.951131263
ADAMDEC1,3.860324488,4.278141011,4.273436253,3.621008604,3.930022534,8.517208145,5.035894118,8.484978205,7.707657561,8.882026844,9.027124022,6.703670381,7.819450774,4.854108837
CLCA2,5.547324575,5.029852154,5.219770468,4.91169946,5.628774763,8.499769602,5.975349554,7.489480592,8.266870903,10.11191474,7.099396594,7.345866985,7.285292188,4.960494495
CLCA2,5.283092367,5.163822232,5.374206811,4.883082429,6.63566401,10.49278043,7.597275743,9.521287328,10.03563039,11.7393929,8.785578566,9.153378825,9.10959156,4.904583721
CLCA2,5.088501922,4.773170258,5.061846212,5.048178291,5.264572992,8.395545885,5.343945592,7.523116445,8.066489015,10.09878783,6.739922672,7.32032205,7.155750744,4.272075397
TIMP4,10.81015285,10.19001295,7.795727936,11.19396919,10.94310568,5.040885382,5.751817053,5.477477699,6.536942301,4.309169032,5.544917769,5.653197724,5.697361226,8.161049735
F2RL2,3.965646861,4.024607887,3.581803363,3.716239662,3.766881554,3.677959791,4.227392981,3.568502127,3.804625442,4.078029588,4.011884334,3.864492646,4.040666965,3.768375334
LEP,12.12346045,13.02663719,9.516231157,10.89156473,13.41208393,6.456097074,6.09263372,6.470229884,7.565137471,4.660129708,7.248064064,5.332025003,7.526802435,9.993069131
SORBS1,9.167327487,9.065356389,9.635580101,9.337553725,9.166319205,8.775833891,9.150179269,9.008637683,9.042139506,8.845981837,8.689009545,9.238070295,8.862597816,9.166158197
CRISP3,3.380223628,3.562786865,3.322115508,3.685957063,4.111047398,3.472586742,3.300039843,10.09685842,9.659618797,8.16555473,9.729497679,4.249765192,7.60470675,8.578105603
MUC1,6.210044644,7.611363988,7.934365489,6.282377768,7.314635527,11.92648366,10.42266851,9.602306489,10.05641392,10.49676773,10.01866717,12.22777695,9.508058442,8.587895387
EPPK1,6.083620634,7.008123098,6.924777509,6.942363013,6.256987755,8.342843533,7.576005901,7.073697945,6.299550268,7.252687188,7.76165792,7.376876997,8.390444377,7.280353694
LIPE,11.58358159,10.71133242,7.9963414,11.9199421,11.66147284,6.514861116,7.542763566,7.163438198,7.209224239,6.98486686,6.593614456,6.429828883,6.942903487,8.072308408
PCK1,10.10101047,9.102193974,7.171627458,11.13461419,9.290519187,4.75957914,5.641495893,4.648816584,5.592964293,4.130976099,4.568325312,3.966063978,5.815649586,7.121930443
CD24,5.309939849,9.073001533,10.79091216,5.748098021,7.240981555,10.17223718,10.28500755,11.77553797,9.516401691,11.77759085,11.42534621,11.30121444,11.92237308,11.95534519
CD24,6.122109968,9.798690986,11.20347596,7.031880458,8.971491469,10.75987837,11.14624098,11.99864318,10.48369749,11.99485967,11.7963595,11.6689379,12.09716015,12.13017577
ADH1B,13.76413266,13.22073055,11.52562034,13.92663189,12.2531536,8.116539156,9.912456771,8.890006877,9.996830082,8.064307212,8.373384837,7.97215546,8.957562345,10.02145748
ADH1B,13.07279943,12.64000268,11.60985985,13.42730013,11.94697798,8.139544056,9.597653704,9.011818138,10.08755641,7.732117195,8.369750416,8.080995772,9.173622497,10.09668936
ADH1B,10.04576972,9.603963366,7.394236792,10.16470048,9.220212465,5.634085805,5.967560505,5.569198893,6.069524522,6.134223426,6.010724859,5.81317654,6.424366141,6.445277653
S100B,10.80032903,8.756565844,8.045621403,10.33413596,10.2045827,5.58871462,5.918505561,6.136967623,6.302499196,5.011826309,6.455992034,5.19914276,5.300870289,6.655789925
AKR1C2,12.83297708,12.24587184,10.31514613,12.58939353,13.20861364,7.913502533,8.667510921,7.725479723,9.372815709,6.869963668,8.227117842,7.197528077,10.18980896,9.834249805
CD24,8.052583562,11.48514155,12.73466487,8.776677408,10.69953955,12.48777528,12.9393025,13.63205864,12.08694536,13.62951606,13.50696061,13.4371866,13.75828626,13.68341944
CD24,7.010623919,8.729686599,10.21408388,6.826715838,7.024143654,9.478815387,10.03537835,11.40465864,8.856510893,11.42384542,10.87099907,11.00411471,11.23117261,11.58369187
RRM2,4.671656295,5.27451401,6.041222785,4.602496446,5.591437209,9.27790817,6.608393582,9.964544935,8.202528037,10.23246167,8.890889599,9.956922448,10.49489832,10.02048791
SPP1,6.832108143,6.68249473,6.465530603,6.969330671,7.971313281,11.86226781,9.069503506,10.3978662,12.06668238,11.36393709,11.15491202,12.545063,11.29881323,10.49741213
FHL1,12.79981716,12.06144449,9.129870259,11.4263037,10.10238155,6.872226962,8.097353936,7.180347691,8.691924087,6.039465616,7.083190178,7.114744915,7.804845166,8.830591399
FHL1,13.08294735,12.30972754,9.841304493,11.94366861,11.21946951,7.421360741,8.580728398,7.597275743,9.422754169,6.339194983,7.408202323,7.052231781,8.625556625,9.535615014
GYG2,9.585110113,8.844353118,6.7501897,9.585563733,8.838987765,5.573286217,5.991751602,5.346649655,5.887292432,5.977139573,5.711060671,4.789693178,5.905267774,6.4600349
GYG2,10.89773959,10.24650917,7.546688834,11.20429073,10.563091,6.219627312,6.746939954,6.03026122,6.776363982,6.542238505,6.155314063,5.266059047,6.893015753,7.529303192
KMO,4.474055259,4.809678762,4.450230957,4.095512294,5.02685498,10.27267275,5.917415276,9.876636302,9.596042732,10.76124491,8.623932577,8.014177458,7.169953606,7.095400326
AKR1C2,12.55528515,12.05785441,10.15353982,12.23600934,12.51959319,7.773123095,8.374312487,7.802765585,9.001215145,6.458457945,7.945547343,7.19357769,9.359368286,9.281594681
CEACAM6,5.552421604,5.90126973,5.073519726,6.330610317,5.781400857,9.840857443,9.868738301,12.44180385,9.444931832,10.23492049,11.36858597,13.04648836,11.57322675,11.33151841
MUC1,5.077786047,5.669148183,5.833550734,4.735031129,5.262418602,9.418418967,7.75001251,6.976000388,7.389424404,7.99234528,7.467033728,9.708147159,7.025439398,6.461579544
SORBS1,5.718776055,5.650163547,5.724346848,5.652409084,5.782077499,5.615398976,5.472620261,5.803330828,5.560451692,5.646299798,5.739611795,5.562814822,5.730705564,5.773897188
PCLAF,5.92683667,5.890754396,6.034826351,5.599358124,5.740381331,6.51882358,5.737580215,6.500497391,6.177937924,6.509952729,6.15458291,6.589722215,6.394630837,6.866892168
SORBS1,8.234664102,7.252775649,5.955238707,6.32225675,5.834597833,5.241824023,5.56117818,5.504871522,5.127921396,5.088055601,5.344626768,5.299324728,5.442806866,5.585369277
MAOA,11.48813028,10.78124265,8.877246445,11.36591511,11.291474,7.360258672,7.95689537,7.506684427,7.926379421,7.083219158,7.168204373,6.919688609,7.213054256,8.501619782
G0S2,12.75851732,12.47882848,11.21662266,12.84613715,12.56278287,8.468754477,8.602715227,8.831635113,9.177674237,7.103213967,8.413777059,6.185132241,8.971087188,10.08070669
MUC1,7.443159415,8.43008637,9.145698831,7.031880458,8.363355725,12.91276961,11.6801176,10.66429108,10.88757044,11.71559011,11.01782579,13.20868116,10.88765298,9.939688342
LIPE,9.622145917,8.491307742,5.278131313,8.532751761,6.578200379,4.505080055,5.098187816,4.589775426,4.332232529,4.383690273,4.049871923,4.297787218,4.382144136,5.251588525
TFAP2B,3.853360346,6.824468072,7.770097223,4.415658828,6.303068703,11.01492204,8.929161161,10.29242754,10.51248523,11.07794272,10.55109299,11.01181683,10.34074007,7.716564968
FHL1,12.96463714,12.23108,9.518039853,11.77751564,10.64944758,7.630937322,8.302978163,7.488436946,8.961044696,6.441322223,7.44963573,7.089764472,8.051488988,9.013729423
ACACB,7.6693493,6.830616555,5.372309529,8.002453902,6.794150223,4.963208922,5.058785627,4.984734682,5.222440479,4.765652432,4.892353944,4.826626953,4.915829126,5.060605456
TOX3,3.403797352,5.909548516,5.189753285,3.734438893,5.286883435,6.665673172,6.026039014,8.929874506,7.548048788,9.767276097,9.806266658,9.745439033,9.455920142,4.501623124
TOX3,3.255929923,5.874594779,5.247254607,5.667706992,5.421659289,6.497917884,5.962378684,8.480898321,7.150400207,9.505269994,9.546438802,9.484682154,9.172857837,4.540602118
ERBB3,4.347338621,4.409258234,4.169748059,4.463901995,4.364414254,4.355800461,4.298576343,4.36770138,4.030622232,4.472616605,4.515377132,4.23138926,4.41419972,4.379077804
TFAP2B,5.138158003,5.220011618,5.54892785,5.311632705,5.037787689,7.426614195,6.154857185,6.368942454,6.120505818,6.959533148,6.761014098,7.844311187,6.128829593,5.279398381
GYG2,10.93663722,10.71240236,8.334838638,11.34791949,10.83244708,6.424659702,6.934988811,6.59574691,7.230247892,6.862669474,6.608357802,5.680814008,7.328884174,7.907047236
CD24,8.224338712,11.57432456,12.85706514,8.697281671,10.69704931,12.69985492,13.07116815,13.80110064,12.23548404,13.8605469,13.67482414,13.63521094,13.92178862,13.84031144
AKR1C1,12.66158305,11.94452251,10.20487871,12.20735438,12.60447753,8.179353601,8.619689908,7.943457221,9.167412582,7.529360252,8.297607337,7.910131045,9.584581983,9.468363614
TOX3,3.50540235,6.022422346,5.478658094,4.318710706,5.524937013,6.990966746,6.367238947,9.191420172,7.913216844,10.05473238,9.955875356,10.04245851,9.846397058,4.648270424
COL10A1,4.270405434,4.637455654,4.270405434,4.53036741,4.750485811,9.210351041,10.28754914,8.593066321,8.806928856,9.482122994,8.60463909,8.731541118,9.106161021,7.439559611
CLCA2,4.212064672,4.093038842,4.38151804,4.113803218,5.845770299,9.515477863,6.684565487,8.371829348,8.967497495,10.70910334,7.680595966,8.070037657,8.167398708,3.96933544
AKR1C1,8.218836498,6.744816402,6.34384844,7.9081456,7.527390768,5.768700432,5.796235791,5.851000612,6.06290053,5.79442883,6.091154174,5.73708557,6.867032446,6.515006267
NUSAP1,4.565146444,5.368398266,6.830214838,4.702094934,5.171072306,8.523293096,6.784890012,9.120466914,7.680265778,9.424208358,9.550984117,9.762414345,8.550704587,9.832311122
SORBS1,11.98192359,11.43081473,9.811712517,11.82785417,11.83212492,7.091069553,7.870942417,6.923998804,8.151136365,6.746258728,6.767047922,7.296609927,7.481296155,9.065606896
RAB25,4.71689484,7.66954776,9.550479585,4.719908907,7.446918696,10.71601935,10.25447408,10.56298411,9.450538774,10.12432802,9.458569203,10.69330157,10.0999077,9.756151941
DTL,4.030505879,4.476262132,6.306973192,3.917663526,5.106050944,8.165601768,6.441045369,8.192073161,6.718951442,10.62734619,7.572678862,9.15282028,7.313714462,9.069228277
S100A14,4.250370181,7.260913651,7.997073716,5.868565228,6.478531022,11.83058483,10.06577774,10.69296349,6.576384037,11.89681519,9.875614252,10.91091991,8.541982787,8.454825644
HSPB7,9.569139052,8.992360832,6.225833157,9.356618936,10.56781681,4.703826406,4.756828408,5.330887754,5.357624256,4.719845557,5.213807281,5.213933834,5.286742964,6.418599418
LYVE1,10.13128637,11.1331149,9.148120625,11.52386068,10.07705254,6.898194414,8.886961649,6.370587065,8.240863941,5.26432021,6.615665779,6.979323671,7.108113686,7.321953834
ESRP1,5.487187025,6.64966704,8.091928671,4.871069942,5.744019215,8.654723868,8.267381962,8.471547494,7.632478422,9.096727403,8.76429524,9.633918183,8.381333805,9.931510862
RBP4,12.80700231,11.53407443,9.988431229,12.41642265,12.67857581,7.456340168,7.862338382,7.338501012,8.409300444,5.601325955,7.484459181,6.432859748,7.908969031,9.360397356
PCOLCE2,11.52317257,11.53038141,8.400201248,11.81464671,11.10840496,6.441555083,6.473404076,5.248016429,7.468003882,4.492205752,5.781676606,5.083273094,6.948950939,9.228265904
CIDEC,13.03944784,12.10933937,9.855631658,12.9620645,12.84240036,7.726400505,8.43776688,7.83131789,8.458271833,7.281771785,7.771619178,6.949560233,8.178415069,9.348663813
TMC5,4.118395859,5.255246316,5.743490499,5.912897,5.581443284,9.071470017,10.46053823,8.697779267,7.324328091,10.08486123,9.382031467,10.99785728,9.094276539,4.204843902
NUSAP1,4.695440739,4.804223692,5.542963345,5.051989342,5.047714924,5.844016793,5.476145426,6.150845808,5.039482962,6.438925588,6.891838045,7.379151272,5.86055904,7.46931916
LYVE1,9.23020738,10.02913392,8.027486873,10.32371629,8.313862003,4.321207132,7.354870015,5.05890451,6.613946713,3.56962021,4.692055726,5.488523578,5.118195911,5.995119944
TNMD,8.473293265,8.352775409,6.148814404,7.777681249,10.65341664,3.805460122,4.629143536,3.802722003,4.303458904,3.730071043,4.301146099,3.857267131,4.132736521,6.797359915
SLC19A3,9.547808957,9.614114083,6.160803233,9.423272009,7.784596439,4.5710681,4.482900746,4.276234494,5.137449434,4.29924538,4.307588199,4.372674673,4.564089449,6.388189793
CIDEA,10.70620404,9.918958183,6.926641422,11.18280062,9.282920516,4.910539982,6.250359774,5.417263342,6.123546323,4.766510158,5.158365377,4.654274905,5.408969174,6.986676745
ACACB,10.58359336,10.14815211,8.57883802,11.48570582,11.35460799,7.00239924,7.949135237,7.723746736,7.999151279,7.128031686,7.037445135,6.982211578,7.089450514,7.824879119
RBP4,5.886833266,5.243142994,4.757685409,6.171463832,6.278124643,4.913987495,4.913685124,5.115149929,4.99271176,4.776483943,5.040578578,4.647169872,5.085445948,5.055761458
SORBS1,12.14322305,11.49794054,9.637886952,10.93789723,11.97028634,7.969258422,8.380513402,7.771173874,8.423311919,7.617881947,7.468489872,8.099679146,8.086720073,8.975499469
ANLN,3.633803929,3.984425854,4.211488014,3.30138553,3.445479772,6.74477702,4.822982548,6.955681873,6.006602544,6.95669708,7.105706281,7.592469337,7.993145998,9.134883556
DTL,3.909837365,4.449195285,5.229302531,4.20622309,5.178702682,6.851900977,5.339305161,7.090797568,5.429974097,9.454449713,6.223303249,8.166050241,6.654190283,7.269788786
TMC5,5.352472312,5.572228989,5.927926292,5.899148219,5.173568201,8.458248078,9.590213698,7.750322271,6.44106796,9.292977834,8.315943277,10.15694591,8.657602967,4.861453421
GJB2,4.859543834,4.465144773,4.661988511,4.498773728,4.928386592,8.533288989,9.993199285,7.072837508,9.58660176,7.251008714,6.800361199,7.567074886,10.42499444,5.593361381
DGAT2,11.83555813,10.87690681,8.990431862,11.98607663,12.61106107,8.261453779,8.211206916,7.614512209,7.972531413,8.17427847,7.801953101,6.8111003,8.467617184,10.0277644
GPAM,11.3550681,10.90945582,8.977087401,11.14072134,10.08395793,5.756466091,6.808167795,5.913824599,6.999668505,5.304224616,5.73877184,5.102301333,7.067173686,7.733456765
GPAM,12.11444215,11.62881208,9.862417966,12.52466648,12.42874726,6.960862888,7.627205039,7.104246907,8.23506386,7.00342744,6.865991177,6.331977329,7.956358217,9.183383427
ESRP1,4.06924474,7.374443432,9.146016707,3.837246902,7.046161477,9.756250039,9.414931358,9.313963125,8.445538365,10.26226602,9.976784282,10.61952037,9.065447296,11.19079809
DGAT2,11.92407125,10.99789955,9.122650528,11.85952294,12.42069978,7.747493292,7.5734157,7.203549197,7.235426528,7.82587906,7.105564344,5.780773175,7.860217909,10.08036769
ERBB3,4.784988873,8.498635439,10.20502421,4.829197512,8.345451022,10.19805112,11.35275788,10.51033187,9.724781027,11.00757516,11.16342685,11.13083552,10.28907229,10.50013337
PLIN4,12.46802356,11.99525392,9.585224816,12.75756744,13.15526439,7.181224734,7.890875901,7.414225678,8.271131116,6.171976788,7.534136421,5.957005002,7.954687282,9.627734493
KRT19,4.758611956,4.80532176,4.702751819,4.69617153,4.626775878,5.306362345,4.556619831,4.771850474,4.759784641,4.95218383,4.543716645,4.957734929,4.8947424,5.014015548
COL11A1,2.917068143,3.022990946,3.329025307,3.192621064,2.934142383,4.268453842,3.883540176,3.071702261,3.680512373,4.171714616,3.326274242,3.331872265,4.491777412,3.305636203
THRSP,12.2932934,11.07373433,9.877073571,12.01656059,12.21149434,9.722393555,7.261341641,8.235851376,7.996593621,6.223034577,6.306210947,4.956308113,6.974499778,9.079682862
THRSP,11.61535112,10.44215332,9.052124807,11.20819401,10.99631278,9.02707673,6.842637331,7.68228215,7.39059095,6.572656612,6.56645421,5.694299067,6.34308286,8.642165953
F2RL2,4.650680568,6.738623988,7.248632394,3.992301077,6.129994601,8.122176495,10.97282905,9.381208345,9.528113406,9.077376535,8.847375042,9.570476647,9.087942249,6.535616944
TOX3,5.251689401,5.065651887,4.999737052,5.334125606,5.273769845,5.512273643,5.065508905,5.346521096,5.181748763,5.413343039,5.618963783,5.370709465,5.570051908,5.294871106
EPPK1,4.40208286,8.054562221,8.816906694,4.314499714,6.88770657,11.30584778,10.06402748,8.504791275,8.090878132,9.438133906,10.01569165,10.11389039,10.91341063,9.282586664
EPPK1,3.612322995,7.812900334,8.420360291,4.365896084,6.953839488,10.64298292,9.599172571,8.153624594,7.461210449,8.934863683,9.523231568,9.431051175,10.18206699,8.75959372
EPPK1,5.073509279,5.111628037,5.313950465,5.192323943,5.064350954,6.69371377,5.467148334,5.353384699,5.264999167,5.98195181,5.838635577,6.636428818,5.425809004,5.283613577
EPPK1,4.77821305,4.721788223,4.817467481,5.024633266,4.523516136,5.037403311,4.793503003,4.587406785,4.531809024,4.804639971,4.959612004,4.681725788,4.74855427,4.783872812
HSPB7,4.454056081,4.150470998,3.939081668,4.445149289,4.440988555,4.35600439,3.668045365,4.181223628,4.174635137,4.295194986,4.129104754,4.242788517,4.189733743,4.336119512
KLB,8.799279599,7.3668773,4.931388388,8.710298306,8.668161334,3.477814903,3.46987773,3.622171233,4.473643854,3.372732146,4.020616356,3.406944501,4.527731106,5.135676392
FABP4,12.38468581,11.15950332,9.595704337,12.16271147,11.81021365,7.245240274,7.241159174,6.68268949,10.2493306,5.41545127,6.140945962,4.980685048,7.418946489,9.854919386
TMC5,4.504770883,4.213397825,4.262008744,4.228525554,4.13885647,6.011219071,7.124434773,5.181102409,4.494501026,6.1157583,5.104451611,6.516115631,4.892006719,3.700110084
FOXA1,3.364261044,6.109518106,5.993370008,3.229485932,4.064020231,9.02725713,9.350463432,8.954343358,8.421946589,8.748655534,8.541917284,10.07527735,8.695983865,3.041431367
TOP2A,3.08179537,3.229356902,3.350431047,3.351134541,3.400686422,3.533665883,3.301514995,4.915137145,3.225432598,3.172966078,3.425206079,5.101525222,3.472586742,4.466866372
HOTAIR,3.498334782,3.850852726,3.46895926,3.447943253,3.602793435,5.046894517,8.111408483,7.121886516,6.373260901,6.607412979,6.606361962,7.478469855,7.347082428,6.695292849
SLC19A3,9.342446911,9.521491037,6.626603936,9.595298992,8.776983915,5.284616511,5.051125506,4.90731888,5.548113915,4.944618876,5.376796723,5.100056131,5.43790778,6.607488855
TRARG1,10.32347864,9.887820537,7.72317407,10.71432448,11.02374576,6.001494801,6.186177929,6.315967186,6.750645128,5.329089589,6.185280476,5.757693735,6.084864607,7.291975821
TMC5,4.985147918,5.385782652,5.198167641,5.444444264,5.12277674,5.170532911,5.710314791,6.217271886,5.615356718,6.399070202,6.715527543,8.854744458,7.559448663,5.085035137
TMC5,3.937204019,6.29906305,6.961323025,6.219577596,5.350834012,9.846221194,11.39771733,9.812665883,8.195575644,10.89089771,10.22479255,12.04920989,10.53786102,4.589334971
DEFB132,7.961075608,9.508756567,6.491168486,7.476048494,11.30294259,4.12964975,4.383620668,4.491636913,4.488297372,4.476958831,4.881823055,4.462086416,4.549857767,6.763560984
ADH1B,3.613530133,3.309379949,3.499512982,3.817889049,3.81485495,3.349474801,3.241851598,3.335815952,3.391606765,3.323773472,3.35396152,3.268028549,3.370656275,3.378552125
CD300LG,5.05329059,4.811121614,4.597149879,4.615514914,4.709609155,4.188932678,4.464403631,4.327179381,4.409165596,4.299177973,4.16714395,4.167165843,4.523632709,4.358775515
AKR1C2,4.611056509,4.560932081,4.540242951,4.904779896,4.888863808,4.351120412,4.309042374,4.396890813,4.602161747,4.41316242,4.329177081,4.214864339,4.454862953,4.075208094
KLB,10.6567464,9.311381964,6.947262427,10.87304347,10.77542152,4.892100566,5.836094375,5.998081547,6.747018003,5.292613129,6.42587527,5.089928637,6.798861566,7.742991871
CD24,6.104434806,9.525002538,11.07406633,6.700185585,8.855372526,10.6177904,11.03836492,11.79425128,10.19819718,11.90128845,11.7132428,11.6390008,12.16749089,11.96987964
COL11A1,4.48873671,3.82862328,6.196122247,4.650730154,5.603696424,10.21409132,9.876232559,5.379909514,8.670152002,8.76510205,6.639648646,7.973233507,9.242005559,7.564874047
ACACB,11.15047753,10.4822726,8.527264336,11.55160828,11.66638797,6.699500384,7.683475419,7.030566157,7.773855978,6.397798959,6.397286934,6.117150426,6.841753513,7.443975202
ACACB,11.28256928,10.67573381,8.699339499,11.7091167,11.77111406,6.617560578,7.968140952,7.141076925,7.979509939,6.378879739,6.126318149,6.056083847,6.617022767,7.458173881
